date_time,compound,close
30/12/21 16:00,0.6369,3737.53
30/12/21 17:00,0.0947,3744.75
30/12/21 18:00,0.1983,3743.75
30/12/21 19:00,0.7684,3757.15
30/12/21 20:00,0,3742.93
30/12/21 21:00,0.0257,3732.66
30/12/21 22:00,0.2418,3714.21
30/12/21 23:00,0.5209,3707.43
31/12/21 0:00,0.3913,3711.08
31/12/21 1:00,-0.0892,3715.68
31/12/21 2:00,-0.4215,3714.34
31/12/21 3:00,-0.0101,3729.69
31/12/21 4:00,-0.012,3748.98
31/12/21 5:00,0,3744.24
31/12/21 6:00,0.4106,3737.89
31/12/21 7:00,0.1909,3719.29
31/12/21 8:00,0.5078,3765.08
31/12/21 9:00,-0.1806,3797.31
31/12/21 10:00,0.3874,3793.81
31/12/21 11:00,-0.031,3782.89
31/12/21 12:00,0.1261,3788.18
31/12/21 13:00,0.34,3791.98
31/12/21 14:00,0.7506,3795.77
31/12/21 15:00,0,3789.86
31/12/21 16:00,0.4215,3775.27
31/12/21 17:00,-0.2732,3728.38
31/12/21 18:00,,3714.64
31/12/21 19:00,0.6597,3664.86
31/12/21 20:00,0.2656,3650.32
31/12/21 21:00,0,3664.89
31/12/21 22:00,0.2997,3691.79
31/12/21 23:00,,3688.8
1/1/22 0:00,,3703.3
1/1/22 1:00,0.8118,3729.68
1/1/22 2:00,0.2023,3728.2
1/1/22 3:00,,3727.24
1/1/22 4:00,0.5306,3716.62
1/1/22 5:00,0.128,3732.54
1/1/22 6:00,0.5784,3726.96
1/1/22 7:00,0,3712.79
1/1/22 8:00,0.4338,3719.5
1/1/22 9:00,-0.1253,3719.63
1/1/22 10:00,0,3703.52
1/1/22 11:00,-0.0238,3701.78
1/1/22 12:00,0.2507,3706.09
1/1/22 13:00,0.4286,3713.27
1/1/22 14:00,0.5423,3703.98
1/1/22 15:00,-0.0936,3716.4
1/1/22 16:00,,3733.83
1/1/22 17:00,0.3561,3740.66
1/1/22 18:00,0.2168,3748.42
1/1/22 19:00,-0.6555,3742.44
1/1/22 20:00,0.2196,3753.78
1/1/22 21:00,0,3760.55
1/1/22 22:00,-0.6705,3751.09
1/1/22 23:00,0.8122,3754.19
2/1/22 0:00,0.3586,3761.31
2/1/22 1:00,0,3749.67
2/1/22 2:00,0.5256,3746.31
2/1/22 3:00,0.1292,3750.07
2/1/22 4:00,-0.0109,3745.24
2/1/22 5:00,0,3731.36
2/1/22 6:00,,3741.34
2/1/22 7:00,0.1888,3740.86
2/1/22 8:00,0.201,3738.47
2/1/22 9:00,0.17,3750.5
2/1/22 10:00,0.2023,3748.37
2/1/22 11:00,0.1751,3746.37
2/1/22 12:00,0,3743.02
2/1/22 13:00,-0.2673,3746.82
2/1/22 14:00,0.238,3748.94
2/1/22 15:00,0.0987,3765.26
2/1/22 16:00,0.1463,3795.83
2/1/22 17:00,-0.2108,3826.23
2/1/22 18:00,0.7351,3799.35
2/1/22 19:00,0.0225,3794.61
2/1/22 20:00,-0.093,3803.21
2/1/22 21:00,-0.2484,3810.26
2/1/22 22:00,0.0557,3821.94
2/1/22 23:00,-0.0897,3827.98
3/1/22 0:00,0.3243,3811.86
3/1/22 1:00,0,3800.74
3/1/22 2:00,-0.4019,3793.7
3/1/22 3:00,-0.5994,3791.54
3/1/22 4:00,,3790.85
3/1/22 5:00,0,3803.93
3/1/22 6:00,,3805.93
3/1/22 7:00,0.2802,3802.6
3/1/22 8:00,0,3810.81
3/1/22 9:00,0.2519,3803.46
3/1/22 10:00,0.1232,3818.76
3/1/22 11:00,-0.0989,3833.59
3/1/22 12:00,0.0986,3826.52
3/1/22 13:00,0.2211,3823.42
3/1/22 14:00,0.0593,3820.37
3/1/22 15:00,,3800.2
3/1/22 16:00,0.1878,3754.44
3/1/22 17:00,-0.5106,3759.18
3/1/22 18:00,-0.2108,3756.2
3/1/22 19:00,0,3754.89
3/1/22 20:00,0.2956,3706.85
3/1/22 21:00,-0.0324,3712.46
3/1/22 22:00,0.0798,3747.89
3/1/22 23:00,0.2983,3761.25
4/1/22 0:00,0,3755.44
4/1/22 1:00,0.2189,3741.38
4/1/22 2:00,,3727.21
4/1/22 3:00,0,3735.33
4/1/22 4:00,0,3739.32
4/1/22 5:00,0.089,3736.88
4/1/22 6:00,0,3748.38
4/1/22 7:00,0.1411,3754.11
4/1/22 8:00,0.2271,3769.37
4/1/22 9:00,-0.0041,3769.78
4/1/22 10:00,0.2789,3781.81
4/1/22 11:00,0.1499,3825.64
4/1/22 12:00,0.3184,3825.43
4/1/22 13:00,0.0386,3837.27
4/1/22 14:00,0.1717,3865.8
4/1/22 15:00,0.1101,3866.7
4/1/22 16:00,0.1591,3849.77
4/1/22 17:00,0.2836,3853.84
4/1/22 18:00,,3816.8
4/1/22 19:00,-0.5407,3811.2
4/1/22 20:00,,3817.91
4/1/22 21:00,0,3820.43
4/1/22 22:00,0.1053,3817.81
4/1/22 23:00,-0.1241,3801.13
5/1/22 0:00,-0.0566,3795.25
5/1/22 1:00,0.1101,3802.63
5/1/22 2:00,,3801.08
5/1/22 3:00,0.3295,3812.58
5/1/22 4:00,0.5255,3808.96
5/1/22 5:00,0,3803.16
5/1/22 6:00,0.1012,3812.92
5/1/22 7:00,0.1204,3815.3
5/1/22 8:00,0.0754,3812.28
5/1/22 9:00,0.035,3827.68
5/1/22 10:00,-0.134,3830.39
5/1/22 11:00,-0.1377,3802.5
5/1/22 12:00,-0.3909,3781.08
5/1/22 13:00,0.0265,3798.47
5/1/22 14:00,0.17,3807.94
5/1/22 15:00,0.2138,3814.96
5/1/22 16:00,0.2038,3805.47
5/1/22 17:00,-0.1133,3791.96
5/1/22 18:00,0.6997,3747.3
5/1/22 19:00,,3703.47
5/1/22 20:00,0,3623.88
5/1/22 21:00,0.0478,3590.3
5/1/22 22:00,0.2666,3518.26
5/1/22 23:00,0.4549,3540.32
6/1/22 0:00,0.239,3532.78
6/1/22 1:00,0,3524.39
6/1/22 2:00,0.2108,3513.5
6/1/22 3:00,0,3485.6
6/1/22 4:00,0.784,3440.44
6/1/22 5:00,,3461.57
6/1/22 6:00,0.3367,3445.06
6/1/22 7:00,0.7506,3450.85
6/1/22 8:00,0.3553,3422.26
6/1/22 9:00,0.0808,3362.12
6/1/22 10:00,0.0709,3341.15
6/1/22 11:00,0.1209,3348.94
6/1/22 12:00,0.3986,3339.27
6/1/22 13:00,0.2547,3380.82
6/1/22 14:00,0,3399.25
6/1/22 15:00,0.5097,3382.75
6/1/22 16:00,,3395.8
6/1/22 17:00,-0.0682,3415.53
6/1/22 18:00,0.2459,3430.93
6/1/22 19:00,0.6858,3443.68
6/1/22 20:00,0.1691,3435.89
6/1/22 21:00,0.1462,3424.67
6/1/22 22:00,0.1806,3426.92
6/1/22 23:00,0.1885,3415.27
7/1/22 0:00,0,3385.81
7/1/22 1:00,0,3381.28
7/1/22 2:00,-0.0607,3376.49
7/1/22 3:00,0.012,3299.76
7/1/22 4:00,0.2997,3200.33
7/1/22 5:00,-0.2901,3230.29
7/1/22 6:00,0.1012,3190.01
7/1/22 7:00,-0.1906,3163.85
7/1/22 8:00,0.0041,3221.59
7/1/22 9:00,0.4404,3254.09
7/1/22 10:00,0.2672,3245.2
7/1/22 11:00,0.3081,3225.19
7/1/22 12:00,-0.0745,3247.51
7/1/22 13:00,0.2763,3205.67
7/1/22 14:00,0.0898,3200.83
7/1/22 15:00,-0.118,3160.96
7/1/22 16:00,0.2713,3161.54
7/1/22 17:00,0.2176,3192.13
7/1/22 18:00,0.09,3185.16
7/1/22 19:00,0.2306,3171.76
7/1/22 20:00,-0.5411,3203.12
7/1/22 21:00,-0.0163,3215.35
7/1/22 22:00,-0.3612,3195.41
7/1/22 23:00,0.4412,3184.66
8/1/22 0:00,0,3212.73
8/1/22 1:00,0.27,3228.36
8/1/22 2:00,,3204.75
8/1/22 3:00,0.0159,3197.63
8/1/22 4:00,0,3213.24
8/1/22 5:00,0.2108,3212.16
8/1/22 6:00,-0.6486,3206.08
8/1/22 7:00,,3216.53
8/1/22 8:00,0,3219.89
8/1/22 9:00,0.1838,3225.38
8/1/22 10:00,0.0935,3229.03
8/1/22 11:00,0.1292,3215.87
8/1/22 12:00,-0.286,3211.64
8/1/22 13:00,0.145,3198.02
8/1/22 14:00,0.1155,3190.89
8/1/22 15:00,0.01,3160.68
8/1/22 16:00,0.5408,3153.3
8/1/22 17:00,,3101.38
8/1/22 18:00,0.3819,3044.81
8/1/22 19:00,0.3818,3022.01
8/1/22 20:00,0,3028.63
8/1/22 21:00,0.1779,3061.27
8/1/22 22:00,,3110.29
8/1/22 23:00,0.2306,3096.48
9/1/22 0:00,,3085.82
9/1/22 1:00,-0.0743,3107.6
9/1/22 2:00,0.436,3126.12
9/1/22 3:00,0.2922,3129.11
9/1/22 4:00,0.4939,3128.91
9/1/22 5:00,-0.074,3130.59
9/1/22 6:00,0.3352,3129.94
9/1/22 7:00,0.1476,3129.81
9/1/22 8:00,0.3436,3117.71
9/1/22 9:00,0.1012,3104.88
9/1/22 10:00,-0.067,3096.82
9/1/22 11:00,0.1839,3120.66
9/1/22 12:00,0.4249,3112.7
9/1/22 13:00,0.3738,3105.37
9/1/22 14:00,0.5994,3098.12
9/1/22 15:00,0.1194,3090.81
9/1/22 16:00,0.1564,3114.17
9/1/22 17:00,0.2575,3160.99
9/1/22 18:00,0.3505,3168.98
9/1/22 19:00,,3188.65
9/1/22 20:00,0.1006,3199.19
9/1/22 21:00,0.1374,3193.92
9/1/22 22:00,,3186.3
9/1/22 23:00,0.5795,3158.36
10/1/22 0:00,0.4275,3151.32
10/1/22 1:00,0.4767,3140.93
10/1/22 2:00,-0.1027,3150.74
10/1/22 3:00,-0.5106,3150.99
10/1/22 4:00,0.2231,3166.59
10/1/22 5:00,-0.0086,3170.82
10/1/22 6:00,0.1529,3161.7
10/1/22 7:00,-0.201,3162.18
10/1/22 8:00,0.4257,3148.86
10/1/22 9:00,-0.09,3149.35
10/1/22 10:00,0.0251,3150.7
10/1/22 11:00,0.1557,3109.11
10/1/22 12:00,0.1366,3076.52
10/1/22 13:00,0.1671,3028.1
10/1/22 14:00,-0.4753,2986.8
10/1/22 15:00,0,3004.85
10/1/22 16:00,0.2095,3053.28
10/1/22 17:00,0.4019,3026.13
10/1/22 18:00,0.224,3027.74
10/1/22 19:00,-0.3651,3040.32
10/1/22 20:00,0.2263,3042.82
10/1/22 21:00,0.3224,3078.28
10/1/22 22:00,-0.2515,3069.73
10/1/22 23:00,0.239,3073.28
11/1/22 0:00,,3066.88
11/1/22 1:00,0,3070.8
11/1/22 2:00,-0.5094,3106.99
11/1/22 3:00,0.2195,3113.05
11/1/22 4:00,0,3112.54
11/1/22 5:00,0.3715,3108.38
11/1/22 6:00,0.7351,3109.6
11/1/22 7:00,0.2542,3113.13
11/1/22 8:00,0.2364,3121.64
11/1/22 9:00,0.1658,3112.6
11/1/22 10:00,0.1514,3110.08
11/1/22 11:00,0.3386,3106.99
11/1/22 12:00,0.308,3122.3
11/1/22 13:00,0.1137,3118.56
11/1/22 14:00,0.3612,3104.54
11/1/22 15:00,0.2553,3128.37
11/1/22 16:00,-0.1012,3196.68
11/1/22 17:00,-0.0792,3229.01
11/1/22 18:00,0.3908,3236.66
11/1/22 19:00,0.2038,3229.18
11/1/22 20:00,0.3568,3238.29
11/1/22 21:00,0.1909,3231.33
11/1/22 22:00,0.3182,3229.67
11/1/22 23:00,0,3238.15
12/1/22 0:00,0.7506,3238.2
12/1/22 1:00,0.1011,3231.88
12/1/22 2:00,,3228.39
12/1/22 3:00,-0.296,3231.49
12/1/22 4:00,-0.1012,3228.66
12/1/22 5:00,-0.296,3227.49
12/1/22 6:00,0.1316,3234.38
12/1/22 7:00,0.0212,3216.77
12/1/22 8:00,0,3226.81
12/1/22 9:00,0.1171,3249.7
12/1/22 10:00,0.4139,3254.53
12/1/22 11:00,0.2463,3258.2
12/1/22 12:00,0.4246,3293.97
12/1/22 13:00,0.1478,3331.17
12/1/22 14:00,-0.2072,3361.08
12/1/22 15:00,0.2102,3366.3
12/1/22 16:00,0.5084,3359.44
12/1/22 17:00,0.2116,3371.37
12/1/22 18:00,0,3374.07
12/1/22 19:00,,3371.81
12/1/22 20:00,0.1798,3376.09
12/1/22 21:00,,3379.8
12/1/22 22:00,0,3369.85
12/1/22 23:00,0.3456,3367.73
13/1/22 0:00,0.3676,3366.56
13/1/22 1:00,-0.1473,3344.95
13/1/22 2:00,0.4604,3338.27
13/1/22 3:00,0.6486,3328.34
13/1/22 4:00,-0.296,3342.8
13/1/22 5:00,0.368,3333
13/1/22 6:00,0.1804,3338.2
13/1/22 7:00,0.4322,3339.13
13/1/22 8:00,0,3347.68
13/1/22 9:00,0.1623,3356.28
13/1/22 10:00,,3365.33
13/1/22 11:00,0.2522,3339.49
13/1/22 12:00,0.0543,3350.68
13/1/22 13:00,-0.0289,3362.47
13/1/22 14:00,0.1633,3379.53
13/1/22 15:00,0.2538,3319.76
13/1/22 16:00,0.1056,3304.07
13/1/22 17:00,0.069,3276.65
13/1/22 18:00,0.3073,3283.23
13/1/22 19:00,-0.0593,3269.94
13/1/22 20:00,-0.2384,3253.91
13/1/22 21:00,0.4599,3270
13/1/22 22:00,-0.0218,3259.72
13/1/22 23:00,0.3072,3253.15
14/1/22 0:00,-0.0325,3250.63
14/1/22 1:00,0,3259.93
14/1/22 2:00,0,3262.05
14/1/22 3:00,0.1012,3264.78
14/1/22 4:00,0.1785,3273.9
14/1/22 5:00,0,3282.42
14/1/22 6:00,0.4995,3300.83
14/1/22 7:00,0.1189,3282.06
14/1/22 8:00,0.0817,3251.06
14/1/22 9:00,-0.1068,3262.76
14/1/22 10:00,0.0126,3251.75
14/1/22 11:00,0.392,3206.55
14/1/22 12:00,0.1133,3212.71
14/1/22 13:00,0.2018,3217.27
14/1/22 14:00,0.3474,3232.39
14/1/22 15:00,-0.1082,3277.77
14/1/22 16:00,-0.0911,3277.45
14/1/22 17:00,0.3153,3285.93
14/1/22 18:00,0.4215,3280.69
14/1/22 19:00,0,3304.42
14/1/22 20:00,0.1862,3304.16
14/1/22 21:00,,3311.67
14/1/22 22:00,0,3321.47
14/1/22 23:00,0.4215,3306.02
15/1/22 0:00,0.6166,3310.8
15/1/22 1:00,0,3306.23
15/1/22 2:00,0.4074,3308.71
15/1/22 3:00,0,3313.42
15/1/22 4:00,,3302.54
15/1/22 5:00,0,3307.71
15/1/22 6:00,0.17,3311.85
15/1/22 7:00,0.5287,3310.92
15/1/22 8:00,0.2115,3314.92
15/1/22 9:00,0.3164,3315.22
15/1/22 10:00,0.0528,3327.45
15/1/22 11:00,0.515,3318.67
15/1/22 12:00,-0.0191,3298.75
15/1/22 13:00,0.2245,3291.18
15/1/22 14:00,0.6467,3314.11
15/1/22 15:00,0.1012,3346.53
15/1/22 16:00,0.7485,3358.75
15/1/22 17:00,,3353.06
15/1/22 18:00,0.4813,3344.82
15/1/22 19:00,,3343.74
15/1/22 20:00,-0.1963,3358.68
15/1/22 21:00,0.0695,3341.52
15/1/22 22:00,0.3184,3333.08
15/1/22 23:00,0.7029,3333.53
16/1/22 0:00,,3325.41
16/1/22 1:00,-0.1486,3325.91
16/1/22 2:00,0.2818,3316.17
16/1/22 3:00,0.247,3309.72
16/1/22 4:00,0.0987,3316.2
16/1/22 5:00,0.2964,3315.04
16/1/22 6:00,0.1474,3319.7
16/1/22 7:00,,3332.52
16/1/22 8:00,,3327.13
16/1/22 9:00,0,3317.1
16/1/22 10:00,0,3323.46
16/1/22 11:00,0,3304.12
16/1/22 12:00,-0.385,3325.36
16/1/22 13:00,,3309.76
16/1/22 14:00,-0.1243,3345.26
16/1/22 15:00,-0.4019,3347.67
16/1/22 16:00,0.3182,3367.38
16/1/22 17:00,,3360.12
16/1/22 18:00,-0.123,3347.28
16/1/22 19:00,0.802,3333.69
16/1/22 20:00,,3325.76
16/1/22 21:00,0,3329.83
16/1/22 22:00,-0.0514,3343.18
16/1/22 23:00,0.3586,3352.92
17/1/22 0:00,0.0674,3336.51
17/1/22 1:00,,3320.46
17/1/22 2:00,-0.3182,3317.12
17/1/22 3:00,0,3305.37
17/1/22 4:00,0.2739,3265
17/1/22 5:00,0,3249.97
17/1/22 6:00,0.3298,3273.52
17/1/22 7:00,,3282.91
17/1/22 8:00,0.322,3264.87
17/1/22 9:00,0.4687,3270.36
17/1/22 10:00,-0.2896,3264.85
17/1/22 11:00,-0.0817,3264.99
17/1/22 12:00,0,3259.79
17/1/22 13:00,0.23,3263.81
17/1/22 14:00,0.2258,3260.46
17/1/22 15:00,0.1847,3239.63
17/1/22 16:00,-0.5106,3227.98
17/1/22 17:00,-0.1122,3211.61
17/1/22 18:00,0.089,3196.58
17/1/22 19:00,0,3218.43
17/1/22 20:00,0,3213.86
17/1/22 21:00,0.3125,3175.97
17/1/22 22:00,0.4038,3174.59
17/1/22 23:00,-0.0516,3207.59
18/1/22 0:00,,3223.44
18/1/22 1:00,-0.0178,3226.73
18/1/22 2:00,0.2463,3212.95
18/1/22 3:00,0.9801,3196.52
18/1/22 4:00,0.2075,3174.86
18/1/22 5:00,-0.2862,3174.38
18/1/22 6:00,-0.276,3191.19
18/1/22 7:00,0.2097,3188.43
18/1/22 8:00,0.2366,3164.29
18/1/22 9:00,0.5496,3155.99
18/1/22 10:00,0.026,3173.06
18/1/22 11:00,0.049,3163.68
18/1/22 12:00,-0.1904,3157.98
18/1/22 13:00,0.1277,3134.95
18/1/22 14:00,-0.0429,3117.85
18/1/22 15:00,0.1008,3129.17
18/1/22 16:00,0.0984,3120
18/1/22 17:00,0.2295,3113.5
18/1/22 18:00,0.4767,3097.45
18/1/22 19:00,-0.1426,3116.8
18/1/22 20:00,-0.2384,3113.89
18/1/22 21:00,0,3149.04
18/1/22 22:00,0,3171.24
18/1/22 23:00,0.3377,3167.01
19/1/22 0:00,0.6808,3156.04
19/1/22 1:00,0.134,3164.01
19/1/22 2:00,0.292,3160.68
19/1/22 3:00,0,3131.38
19/1/22 4:00,-0.0922,3102.64
19/1/22 5:00,0.4939,3104.86
19/1/22 6:00,-0.1553,3103.1
19/1/22 7:00,0.1278,3062.78
19/1/22 8:00,0.2492,3057.97
19/1/22 9:00,0.0951,3075.88
19/1/22 10:00,0.0708,3072.22
19/1/22 11:00,-0.0258,3108.01
19/1/22 12:00,0.0951,3120.02
19/1/22 13:00,0.054,3125.76
19/1/22 14:00,0.3236,3134.82
19/1/22 15:00,0.0436,3135.1
19/1/22 16:00,0.3502,3097.8
19/1/22 17:00,0.2136,3132.74
19/1/22 18:00,-0.148,3138.51
19/1/22 19:00,-0.3612,3126.49
19/1/22 20:00,0,3118.63
19/1/22 21:00,-0.1052,3118.45
19/1/22 22:00,0.3877,3120.32
19/1/22 23:00,-0.0832,3109.45
20/1/22 0:00,0.8512,3107.49
20/1/22 1:00,0,3105.42
20/1/22 2:00,0.3612,3122.12
20/1/22 3:00,,3121.87
20/1/22 4:00,0.4084,3126.11
20/1/22 5:00,0.3488,3121.35
20/1/22 6:00,0.203,3139.67
20/1/22 7:00,0.0843,3139.42
20/1/22 8:00,0,3128.77
20/1/22 9:00,0.1154,3129.55
20/1/22 10:00,-0.2316,3141.54
20/1/22 11:00,-0.0341,3143.89
20/1/22 12:00,-0.4565,3134.29
20/1/22 13:00,-0.0112,3152.54
20/1/22 14:00,-0.1231,3198.99
20/1/22 15:00,0.0817,3246.16
20/1/22 16:00,0.1799,3249.76
20/1/22 17:00,0.1457,3239.5
20/1/22 18:00,-0.1204,3226.05
20/1/22 19:00,0.0377,3221.82
20/1/22 20:00,0.1386,3198.97
20/1/22 21:00,0.0362,3154.97
20/1/22 22:00,0.01,3070.86
20/1/22 23:00,0,3022.21
21/1/22 0:00,0.2324,3007.46
21/1/22 1:00,0.2289,2968.03
21/1/22 2:00,0.2475,2919.81
21/1/22 3:00,,2855.54
21/1/22 4:00,-0.34,2859.96
21/1/22 5:00,-0.2106,2860.19
21/1/22 6:00,0.1366,2853.37
21/1/22 7:00,-0.1053,2861
21/1/22 8:00,-0.1192,2886.31
21/1/22 9:00,0.1609,2878.53
21/1/22 10:00,0.0232,2872.63
21/1/22 11:00,0.1304,2850.43
21/1/22 12:00,0.0315,2794.18
21/1/22 13:00,-0.1968,2787.11
21/1/22 14:00,0.1319,2792.56
21/1/22 15:00,-0.0952,2807.73
21/1/22 16:00,-0.2114,2825.43
21/1/22 17:00,0.2642,2786.05
21/1/22 18:00,-0.1044,2780.78
21/1/22 19:00,0.1529,2769.83
21/1/22 20:00,-0.0241,2729.84
21/1/22 21:00,0.2324,2681.88
21/1/22 22:00,0,2589.82
21/1/22 23:00,-0.1468,2559.26
22/1/22 0:00,0.4819,2589.46
22/1/22 1:00,0.4427,2597.95
22/1/22 2:00,0.4648,2593.99
22/1/22 3:00,0,2582.54
22/1/22 4:00,-0.0876,2563.42
22/1/22 5:00,-0.1149,2529.36
22/1/22 6:00,0.296,2502.83
22/1/22 7:00,-0.2782,2487.63
22/1/22 8:00,-0.2732,2483.04
22/1/22 9:00,,2443.77
22/1/22 10:00,0.2419,2398.12
22/1/22 11:00,0.1126,2429.85
22/1/22 12:00,0,2454.82
22/1/22 13:00,0.3429,2481.34
22/1/22 14:00,0.201,2454.44
22/1/22 15:00,0,2399.46
22/1/22 16:00,0.2222,2427.17
22/1/22 17:00,,2405.26
22/1/22 18:00,0.2392,2354.67
22/1/22 19:00,0.4215,2344.58
22/1/22 20:00,0.2108,2398.25
22/1/22 21:00,-0.5859,2432.54
22/1/22 22:00,-0.2712,2405.07
22/1/22 23:00,0,2394.03
23/1/22 0:00,0,2429.03
23/1/22 1:00,0,2444.62
23/1/22 2:00,-0.4019,2423.5
23/1/22 3:00,0.247,2402.65
23/1/22 4:00,0.7003,2428.89
23/1/22 5:00,0,2433.56
23/1/22 6:00,0.14,2458.78
23/1/22 7:00,-0.34,2485.03
23/1/22 8:00,0.125,2493.22
23/1/22 9:00,-0.1917,2529.39
23/1/22 10:00,0.1644,2524.2
23/1/22 11:00,-0.1854,2510.45
23/1/22 12:00,-0.5719,2490.97
23/1/22 13:00,0.0655,2496.96
23/1/22 14:00,0.4078,2457.3
23/1/22 15:00,0.0999,2428.05
23/1/22 16:00,0.2886,2429.97
23/1/22 17:00,-0.014,2437.23
23/1/22 18:00,0.1605,2424.73
23/1/22 19:00,-0.3172,2404.37
23/1/22 20:00,-0.2109,2407.4
23/1/22 21:00,-0.4939,2418.45
23/1/22 22:00,0.0015,2431.97
23/1/22 23:00,0.1094,2521.3
24/1/22 0:00,0.3641,2501.26
24/1/22 1:00,0,2476.88
24/1/22 2:00,0.1424,2452
24/1/22 3:00,-0.765,2447.54
24/1/22 4:00,-0.1276,2450.45
24/1/22 5:00,0.2377,2429.93
24/1/22 6:00,-0.134,2440.73
24/1/22 7:00,0.0568,2409.8
24/1/22 8:00,0.1689,2394.54
24/1/22 9:00,-0.068,2350.41
24/1/22 10:00,0.1815,2263.46
24/1/22 11:00,0.1222,2247.66
24/1/22 12:00,0.0427,2214.08
24/1/22 13:00,0.1021,2202.48
24/1/22 14:00,0.1398,2200.12
24/1/22 15:00,-0.567,2231.42
24/1/22 16:00,-0.1273,2262.41
24/1/22 17:00,0.1468,2275.85
24/1/22 18:00,0.2405,2375.67
24/1/22 19:00,0.2287,2363.9
24/1/22 20:00,-0.2396,2407.24
24/1/22 21:00,0.158,2448.89
24/1/22 22:00,-0.0973,2428.8
24/1/22 23:00,0.293,2431.41
25/1/22 0:00,-0.4588,2421.72
25/1/22 1:00,-0.091,2389.65
25/1/22 2:00,0.0017,2395.45
25/1/22 3:00,-0.1134,2407.61
25/1/22 4:00,0.259,2400.6
25/1/22 5:00,0.2706,2384.21
25/1/22 6:00,0.148,2375.05
25/1/22 7:00,0.0504,2368.95
25/1/22 8:00,0.2865,2391.09
25/1/22 9:00,0.4545,2406.48
25/1/22 10:00,-0.1584,2428.99
25/1/22 11:00,0.836,2423.13
25/1/22 12:00,0,2429.87
25/1/22 13:00,0.3601,2419.22
25/1/22 14:00,0.1066,2432.38
25/1/22 15:00,-0.0704,2408.9
25/1/22 16:00,0.0542,2435.59
25/1/22 17:00,0.0883,2459.15
25/1/22 18:00,0,2483.8
25/1/22 19:00,,2482.96
25/1/22 20:00,0.3818,2448.28
25/1/22 21:00,,2417.73
25/1/22 22:00,0,2419.69
25/1/22 23:00,0.1027,2450.92
26/1/22 0:00,0,2440.71
26/1/22 1:00,-0.0743,2434.28
26/1/22 2:00,0.16,2451.04
26/1/22 3:00,0.0138,2463.97
26/1/22 4:00,0.0257,2474.54
26/1/22 5:00,-0.2023,2484.6
26/1/22 6:00,0.17,2464.48
26/1/22 7:00,-0.0514,2453.88
26/1/22 8:00,0.2164,2478.12
26/1/22 9:00,0.1499,2492.89
26/1/22 10:00,0.1037,2496.2
26/1/22 11:00,0,2526.81
26/1/22 12:00,0.2696,2535.36
26/1/22 13:00,0,2577.69
26/1/22 14:00,-0.0583,2636.97
26/1/22 15:00,0.1416,2620.33
26/1/22 16:00,0.2656,2608.84
26/1/22 17:00,0.2361,2614.2
26/1/22 18:00,,2575.99
26/1/22 19:00,0,2628.85
26/1/22 20:00,0.1038,2508.32
26/1/22 21:00,0,2475.14
26/1/22 22:00,0.3184,2424.56
26/1/22 23:00,0.1734,2459.74
27/1/22 0:00,0.5328,2478.42
27/1/22 1:00,-0.6696,2430.01
27/1/22 2:00,0.0903,2376.94
27/1/22 3:00,0.3106,2384.59
27/1/22 4:00,-0.067,2381.84
27/1/22 5:00,,2393.61
27/1/22 6:00,,2386.88
27/1/22 7:00,0,2406.06
27/1/22 8:00,0.1784,2409.9
27/1/22 9:00,,2437.92
27/1/22 10:00,0.1727,2432.86
27/1/22 11:00,0.074,2439.31
27/1/22 12:00,-0.134,2453.7
27/1/22 13:00,0.3431,2470.67
27/1/22 14:00,-0.296,2492.44
27/1/22 15:00,0,2486.96
27/1/22 16:00,-0.3454,2471.23
27/1/22 17:00,0.0231,2455.19
27/1/22 18:00,0.3308,2429.23
27/1/22 19:00,0.064,2414.56
27/1/22 20:00,0.0927,2375.84
27/1/22 21:00,0.296,2338
27/1/22 22:00,0.1055,2357.27
27/1/22 23:00,0.0129,2406.23
28/1/22 0:00,0.2679,2424.9
28/1/22 1:00,-0.0743,2411.19
28/1/22 2:00,-0.1591,2383.79
28/1/22 3:00,0.2023,2436.97
28/1/22 4:00,-0.2624,2442.06
28/1/22 5:00,0,2443.95
28/1/22 6:00,-0.0987,2453
28/1/22 7:00,-0.34,2419.74
28/1/22 8:00,0.31,2387.93
28/1/22 9:00,0,2396.92
28/1/22 10:00,0.4014,2395.46
28/1/22 11:00,0.1357,2385.67
28/1/22 12:00,0.2083,2378.87
28/1/22 13:00,0,2401.43
28/1/22 14:00,0.2951,2410.86
28/1/22 15:00,0.2862,2423.05
28/1/22 16:00,0.286,2462.23
28/1/22 17:00,0.4588,2467.39
28/1/22 18:00,0,2465.88
28/1/22 19:00,-0.201,2452.78
28/1/22 20:00,0.0019,2483.96
28/1/22 21:00,0.4767,2533.31
28/1/22 22:00,0,2536.58
28/1/22 23:00,0,2537.17
29/1/22 0:00,,2562.53
29/1/22 1:00,0,2544.87
29/1/22 2:00,,2531.46
29/1/22 3:00,,2532.95
29/1/22 4:00,,2543.34
29/1/22 5:00,0,2531.51
29/1/22 6:00,0,2537.56
29/1/22 7:00,0,2549.66
29/1/22 8:00,0.2732,2558.76
29/1/22 9:00,,2542.3
29/1/22 10:00,,2545.37
29/1/22 11:00,-0.1391,2548
29/1/22 12:00,0,2564.48
29/1/22 13:00,0.7043,2580.61
29/1/22 14:00,-0.089,2585.62
29/1/22 15:00,0.4084,2540.42
29/1/22 16:00,-0.2732,2543.08
29/1/22 17:00,,2565.86
29/1/22 18:00,,2575.08
29/1/22 19:00,,2593.04
29/1/22 20:00,0.174,2601.03
29/1/22 21:00,-0.2732,2620
29/1/22 22:00,0.3743,2600.06
29/1/22 23:00,,2589.57
30/1/22 0:00,0.5147,2591.86
30/1/22 1:00,-0.1486,2575.19
30/1/22 2:00,0.2023,2576.49
30/1/22 3:00,0.6486,2576.79
30/1/22 4:00,0.1487,2573.83
30/1/22 5:00,0,2600.22
30/1/22 6:00,-0.1657,2604.32
30/1/22 7:00,0.4561,2616.94
30/1/22 8:00,0.1518,2610.05
30/1/22 9:00,-0.3182,2609.33
30/1/22 10:00,-0.1121,2614.62
30/1/22 11:00,0.1901,2619.67
30/1/22 12:00,-0.201,2620.44
30/1/22 13:00,0,2612.49
30/1/22 14:00,0.3144,2598.02
30/1/22 15:00,0.0843,2610.06
30/1/22 16:00,0.2383,2605.96
30/1/22 17:00,0.3158,2603.07
30/1/22 18:00,0.126,2609.71
30/1/22 19:00,0.1086,2567.49
30/1/22 20:00,-0.0544,2566.79
30/1/22 21:00,0.4329,2560.25
30/1/22 22:00,0.239,2561.63
30/1/22 23:00,,2608.37
31/1/22 0:00,,2571.15
31/1/22 1:00,-0.2384,2539.05
31/1/22 2:00,0.2355,2509.5
31/1/22 3:00,0,2511.1
31/1/22 4:00,,2496.61
31/1/22 5:00,0.237,2499.93
31/1/22 6:00,0,2507.31
31/1/22 7:00,0.4019,2515.84
31/1/22 8:00,0.2013,2526.58
31/1/22 9:00,0.6369,2532.41
31/1/22 10:00,-0.022,2540.91
31/1/22 11:00,0.2269,2540.48
31/1/22 12:00,0.5172,2533.2
31/1/22 13:00,0.1735,2548.34
31/1/22 14:00,0.3298,2564.26
31/1/22 15:00,-0.0402,2614.23
31/1/22 16:00,0.17,2643.38
31/1/22 17:00,-0.1091,2681.79
31/1/22 18:00,-0.4752,2682.52
31/1/22 19:00,0.1991,2683.32
31/1/22 20:00,0,2678.18
31/1/22 21:00,0.6369,2678.72
31/1/22 22:00,-0.36,2686.88
31/1/22 23:00,0,2682.49
1/2/22 0:00,,2687.33
1/2/22 1:00,0.8744,2692.3
1/2/22 2:00,0.4588,2696.22
1/2/22 3:00,,2735.8
1/2/22 4:00,0.2233,2742.95
1/2/22 5:00,0.7351,2740.24
1/2/22 6:00,0.5106,2728.81
1/2/22 7:00,0.379,2737.82
1/2/22 8:00,0.1592,2744.5
1/2/22 9:00,0.151,2759.68
1/2/22 10:00,0.4536,2733.65
1/2/22 11:00,0.1402,2746.29
1/2/22 12:00,0.1273,2771.14
1/2/22 13:00,0.2622,2782.52
1/2/22 14:00,0.3618,2785.52
1/2/22 15:00,0.2775,2750.79
1/2/22 16:00,-0.0085,2782.92
1/2/22 17:00,0.5644,2782.02
1/2/22 18:00,0.0674,2779.84
1/2/22 19:00,-0.3124,2760.65
1/2/22 20:00,0.2822,2769.59
1/2/22 21:00,0.5106,2783.1
1/2/22 22:00,0,2786.06
1/2/22 23:00,0,2789.13
2/2/22 0:00,,2782.04
2/2/22 1:00,,2760.04
2/2/22 2:00,,2765.56
2/2/22 3:00,0.5738,2781.96
2/2/22 4:00,0.3352,2766.65
2/2/22 5:00,,2757.84
2/2/22 6:00,0.2308,2761.57
2/2/22 7:00,0.2605,2751.81
2/2/22 8:00,0.1199,2755.57
2/2/22 9:00,0.0095,2764.49
2/2/22 10:00,0.379,2765.22
2/2/22 11:00,0.0426,2759.51
2/2/22 12:00,0.5106,2787.87
2/2/22 13:00,0.2311,2784.97
2/2/22 14:00,-0.0677,2743.81
2/2/22 15:00,0.1632,2673.98
2/2/22 16:00,0.126,2655.75
2/2/22 17:00,-0.014,2674.85
2/2/22 18:00,0.0457,2679.53
2/2/22 19:00,0.4212,2701.15
2/2/22 20:00,0.2801,2706.17
2/2/22 21:00,0,2663.76
2/2/22 22:00,,2671.61
2/2/22 23:00,-0.1187,2683.51
3/2/22 0:00,0,2695.89
3/2/22 1:00,,2691.28
3/2/22 2:00,0.2337,2680.04
3/2/22 3:00,-0.145,2673.13
3/2/22 4:00,-0.1204,2661.43
3/2/22 5:00,0,2656.15
3/2/22 6:00,-0.2376,2647.25
3/2/22 7:00,0.1584,2664.91
3/2/22 8:00,0.0621,2672.59
3/2/22 9:00,0.0174,2650.42
3/2/22 10:00,0.3231,2595.61
3/2/22 11:00,0.2769,2605.66
3/2/22 12:00,0.0987,2598.67
3/2/22 13:00,-0.1215,2610.58
3/2/22 14:00,-0.0552,2610.47
3/2/22 15:00,0.124,2628.06
3/2/22 16:00,-0.0328,2634.95
3/2/22 17:00,0.4615,2614.93
3/2/22 18:00,0.171,2619.2
3/2/22 19:00,,2608.93
3/2/22 20:00,-0.337,2593.51
3/2/22 21:00,0.1838,2638.13
3/2/22 22:00,0.318,2654.91
3/2/22 23:00,0.1806,2662.98
4/2/22 0:00,0,2684.92
4/2/22 1:00,0.5106,2679.52
4/2/22 2:00,,2684.96
4/2/22 3:00,,2687.4
4/2/22 4:00,0.5719,2680.44
4/2/22 5:00,0.059,2743.42
4/2/22 6:00,0,2792.22
4/2/22 7:00,,2794.75
4/2/22 8:00,0.167,2834.84
4/2/22 9:00,0.0418,2834.42
4/2/22 10:00,0.247,2838.37
4/2/22 11:00,0.4745,2833.71
4/2/22 12:00,0.1618,2837.88
4/2/22 13:00,0.0752,2814.49
4/2/22 14:00,-0.201,2801.56
4/2/22 15:00,0.335,2875.84
4/2/22 16:00,,2917.24
4/2/22 17:00,0.2495,2942.7
4/2/22 18:00,0.06,2948.22
4/2/22 19:00,0.2571,2943.46
4/2/22 20:00,0.217,2957.95
4/2/22 21:00,,2947.41
4/2/22 22:00,0.5559,2945.33
4/2/22 23:00,0.4404,2959.2
5/2/22 0:00,0.2083,2983.8
5/2/22 1:00,,2974.3
5/2/22 2:00,0.0857,2989.95
5/2/22 3:00,0.2455,2993.16
5/2/22 4:00,0.4019,3013.42
5/2/22 5:00,0,3020.1
5/2/22 6:00,0.2023,3021.66
5/2/22 7:00,0.0066,3002.71
5/2/22 8:00,0.3048,3003.87
5/2/22 9:00,0.0437,3017.56
5/2/22 10:00,0.2194,3018.85
5/2/22 11:00,0.254,3013.14
5/2/22 12:00,0.1001,3010.32
5/2/22 13:00,-0.0987,3015.48
5/2/22 14:00,0.202,3015.72
5/2/22 15:00,0.2986,3039.95
5/2/22 16:00,0.296,3027.91
5/2/22 17:00,0.7117,2996.38
5/2/22 18:00,0,3014.96
5/2/22 19:00,0.0342,3013.51
5/2/22 20:00,-0.166,3006.68
5/2/22 21:00,0.3411,3019.96
5/2/22 22:00,0.5106,3024.93
5/2/22 23:00,0.7171,3015.72
6/2/22 0:00,,3020.51
6/2/22 1:00,0.3345,3026.52
6/2/22 2:00,,3022.24
6/2/22 3:00,,3018.05
6/2/22 4:00,0,3006.4
6/2/22 5:00,,3016.27
6/2/22 6:00,0.5134,3006.85
6/2/22 7:00,-0.1166,3003.85
6/2/22 8:00,0,3004.42
6/2/22 9:00,0.6256,3013.31
6/2/22 10:00,,3009.94
6/2/22 11:00,0.4222,3004
6/2/22 12:00,0.2986,3008.69
6/2/22 13:00,0,3012.19
6/2/22 14:00,0.3612,3004.5
6/2/22 15:00,0.3688,2978.99
6/2/22 16:00,0.4869,2991.79
6/2/22 17:00,0.4416,3002.38
6/2/22 18:00,0.249,2992.07
6/2/22 19:00,0,2993.42
6/2/22 20:00,0,2992.69
6/2/22 21:00,0.4404,2992.01
6/2/22 22:00,0.1919,2994.19
6/2/22 23:00,,3031.54
7/2/22 0:00,0.3707,3018.23
7/2/22 1:00,-0.2123,3011.95
7/2/22 2:00,,3031.21
7/2/22 3:00,0.5994,3053.69
7/2/22 4:00,0,3072.73
7/2/22 5:00,0.2998,3089.61
7/2/22 6:00,0.3322,3090.8
7/2/22 7:00,-0.1084,3083.98
7/2/22 8:00,0,3072.53
7/2/22 9:00,0.1936,3064.24
7/2/22 10:00,0.176,3067.97
7/2/22 11:00,0.2587,3067.95
7/2/22 12:00,0.224,3065.69
7/2/22 13:00,0.2342,3082.32
7/2/22 14:00,0.1246,3099.15
7/2/22 15:00,0.1368,3112.64
7/2/22 16:00,0.188,3124.58
7/2/22 17:00,0.3978,3127.9
7/2/22 18:00,0.141,3152.32
7/2/22 19:00,0.3167,3172.39
7/2/22 20:00,0.4214,3166.36
7/2/22 21:00,0.0611,3143.13
7/2/22 22:00,0.143,3149.06
7/2/22 23:00,0.1573,3142.83
8/2/22 0:00,-0.1738,3130.87
8/2/22 1:00,0,3141.23
8/2/22 2:00,0,3143.65
8/2/22 3:00,-0.7227,3138.35
8/2/22 4:00,0.0086,3147.79
8/2/22 5:00,0.254,3169.19
8/2/22 6:00,0.4769,3195.06
8/2/22 7:00,0.0792,3170.8
8/2/22 8:00,0.1061,3125.91
8/2/22 9:00,0.1937,3096.79
8/2/22 10:00,0.1713,3099
8/2/22 11:00,0.1525,3104.5
8/2/22 12:00,0.2635,3071.75
8/2/22 13:00,0.2894,3075.63
8/2/22 14:00,-0.0516,3087.67
8/2/22 15:00,0.1201,3059.61
8/2/22 16:00,0.2095,3068.25
8/2/22 17:00,0.2679,3046.38
8/2/22 18:00,0.3182,3059.28
8/2/22 19:00,,3047.14
8/2/22 20:00,,3084.8
8/2/22 21:00,0.3451,3114.87
8/2/22 22:00,0.3715,3108.29
8/2/22 23:00,0.0685,3121.77
9/2/22 0:00,-0.0458,3117.5
9/2/22 1:00,0.3172,3115.19
9/2/22 2:00,0.3592,3073.13
9/2/22 3:00,,3075.2
9/2/22 4:00,0.1591,3083.65
9/2/22 5:00,0,3075.49
9/2/22 6:00,0.1946,3093.64
9/2/22 7:00,0.1591,3091.45
9/2/22 8:00,0,3087.02
9/2/22 9:00,0.3139,3104.26
9/2/22 10:00,0.2904,3123.65
9/2/22 11:00,0.1622,3135.75
9/2/22 12:00,0.0383,3161.82
9/2/22 13:00,0,3192.84
9/2/22 14:00,0.5578,3187.27
9/2/22 15:00,0,3177.14
9/2/22 16:00,0.3664,3187.06
9/2/22 17:00,0,3202.81
9/2/22 18:00,0.1366,3195.07
9/2/22 19:00,0.125,3236.99
9/2/22 20:00,0.2247,3253.37
9/2/22 21:00,0.4362,3247.65
9/2/22 22:00,0.0439,3240.17
9/2/22 23:00,0.8016,3237.4
10/2/22 0:00,-0.8804,3224.76
10/2/22 1:00,0.2128,3220.84
10/2/22 2:00,0.4103,3216.56
10/2/22 3:00,-0.5106,3179.35
10/2/22 4:00,0,3176.23
10/2/22 5:00,0.3692,3165.12
10/2/22 6:00,0.201,3176.27
10/2/22 7:00,0.2946,3183.15
10/2/22 8:00,0.201,3194.01
10/2/22 9:00,0.1045,3197.86
10/2/22 10:00,0.2426,3244.42
10/2/22 11:00,0.3249,3251.09
10/2/22 12:00,0.0678,3242.67
10/2/22 13:00,0.0111,3199.46
10/2/22 14:00,0.3199,3119.56
10/2/22 15:00,0.1866,3223.37
10/2/22 16:00,-0.0812,3204.61
10/2/22 17:00,0.148,3221.42
10/2/22 18:00,0.3182,3184.53
10/2/22 19:00,0.1829,3140.73
10/2/22 20:00,0,3110.62
10/2/22 21:00,0.3181,3112.01
10/2/22 22:00,0.3567,3114.68
10/2/22 23:00,0.1994,3086.61
11/2/22 0:00,0.4354,3032.45
11/2/22 1:00,,3067.95
11/2/22 2:00,0.0958,3051
11/2/22 3:00,0.1537,3064.39
11/2/22 4:00,,3069.34
11/2/22 5:00,0.7648,3054.92
11/2/22 6:00,0.0527,3066.4
11/2/22 7:00,,3085.22
11/2/22 8:00,0.3767,3095.55
11/2/22 9:00,0.4246,3093.56
11/2/22 10:00,,3095.47
11/2/22 11:00,0.223,3096.29
11/2/22 12:00,0.0695,3100.95
11/2/22 13:00,0.519,3110.05
11/2/22 14:00,0.1369,3112.39
11/2/22 15:00,0.1806,3102.29
11/2/22 16:00,0,3091.66
11/2/22 17:00,0.6249,3086.98
11/2/22 18:00,0.3463,3051.86
11/2/22 19:00,0.24,2995.25
11/2/22 20:00,-0.4696,2937.55
11/2/22 21:00,0.0625,2929.16
11/2/22 22:00,0.7006,2908.05
11/2/22 23:00,0,2915.91
12/2/22 0:00,,2921.69
12/2/22 1:00,0,2937.84
12/2/22 2:00,0,2951.5
12/2/22 3:00,0.3182,2937.89
12/2/22 4:00,0.1934,2939.56
12/2/22 5:00,0.5859,2929.2
12/2/22 6:00,-0.0258,2908.1
12/2/22 7:00,-0.2108,2913.07
12/2/22 8:00,0.2726,2933.19
12/2/22 9:00,0,2932.53
12/2/22 10:00,0.2422,2916.14
12/2/22 11:00,0,2910.71
12/2/22 12:00,0.1163,2917.41
12/2/22 13:00,,2907.14
12/2/22 14:00,,2889.9
12/2/22 15:00,-0.2665,2878.78
12/2/22 16:00,0.2278,2912.44
12/2/22 17:00,0.0528,2930.56
12/2/22 18:00,,2964.52
12/2/22 19:00,0.802,2959.3
12/2/22 20:00,0.3429,2966.91
12/2/22 21:00,0,2920.17
12/2/22 22:00,0,2897.21
12/2/22 23:00,0.2108,2908.68
13/2/22 0:00,0.1808,2920.26
13/2/22 1:00,,2928.05
13/2/22 2:00,0.0224,2917.8
13/2/22 3:00,,2920.34
13/2/22 4:00,0,2919.29
13/2/22 5:00,,2911.25
13/2/22 6:00,0.5948,2914.28
13/2/22 7:00,-0.3243,2919.25
13/2/22 8:00,,2922.96
13/2/22 9:00,,2920.28
13/2/22 10:00,0,2920.79
13/2/22 11:00,,2932.81
13/2/22 12:00,0.1597,2934.89
13/2/22 13:00,0.148,2938.33
13/2/22 14:00,0.4847,2930.36
13/2/22 15:00,0.5252,2931.52
13/2/22 16:00,-0.0454,2891.4
13/2/22 17:00,,2880.42
13/2/22 18:00,0.3722,2876.15
13/2/22 19:00,0.0017,2853.7
13/2/22 20:00,0.2303,2882.11
13/2/22 21:00,,2885.14
13/2/22 22:00,0.7171,2886.79
13/2/22 23:00,0.1061,2878.45
14/2/22 0:00,-0.2041,2871.31
14/2/22 1:00,,2853.83
14/2/22 2:00,,2850.18
14/2/22 3:00,-0.3734,2857.93
14/2/22 4:00,,2861.45
14/2/22 5:00,0.6597,2858.01
14/2/22 6:00,0,2855.28
14/2/22 7:00,0.1081,2869.88
14/2/22 8:00,0.3938,2872.82
14/2/22 9:00,0.1929,2857.61
14/2/22 10:00,0.2196,2862.26
14/2/22 11:00,-0.2787,2871.42
14/2/22 12:00,-0.1341,2881.26
14/2/22 13:00,0.2771,2932.28
14/2/22 14:00,0.286,2946.25
14/2/22 15:00,,2932.79
14/2/22 16:00,0.2496,2947.52
14/2/22 17:00,-0.1133,2947.19
14/2/22 18:00,0.1783,2932.93
14/2/22 19:00,0.0864,2878.1
14/2/22 20:00,-0.4198,2884.01
14/2/22 21:00,0.0014,2897.76
14/2/22 22:00,0.5459,2934.62
14/2/22 23:00,0.921,2936.73
15/2/22 0:00,-0.1273,2924.43
15/2/22 1:00,-0.2396,2961.92
15/2/22 2:00,-0.266,3023.67
15/2/22 3:00,-0.2712,3024.84
15/2/22 4:00,-0.0749,3018.35
15/2/22 5:00,-0.1906,3014.09
15/2/22 6:00,0.2502,3022.98
15/2/22 7:00,-0.5719,3036.92
15/2/22 8:00,0.0596,3065.43
15/2/22 9:00,-0.0691,3081.93
15/2/22 10:00,0.1443,3097.09
15/2/22 11:00,0.3475,3097.71
15/2/22 12:00,0.1101,3098.69
15/2/22 13:00,0.2672,3107.39
15/2/22 14:00,0.1644,3122.78
15/2/22 15:00,-0.0353,3115.9
15/2/22 16:00,0.0878,3116.77
15/2/22 17:00,0,3099.67
15/2/22 18:00,0.2962,3109.23
15/2/22 19:00,0.089,3112.76
15/2/22 20:00,0.2712,3110.84
15/2/22 21:00,-0.1332,3101.86
15/2/22 22:00,0.0018,3123.38
15/2/22 23:00,,3158.54
16/2/22 0:00,0,3165.18
16/2/22 1:00,0.4211,3147.31
16/2/22 2:00,,3142.36
16/2/22 3:00,0.5499,3152.85
16/2/22 4:00,-0.3352,3123.5
16/2/22 5:00,-0.3182,3128.35
16/2/22 6:00,0,3136.1
16/2/22 7:00,0,3136.5
16/2/22 8:00,-0.0556,3149.82
16/2/22 9:00,0.1142,3140.61
16/2/22 10:00,-0.1858,3126.51
16/2/22 11:00,-0.1888,3133.98
16/2/22 12:00,0.2785,3125.54
16/2/22 13:00,0.0195,3101.81
16/2/22 14:00,0.1719,3066.45
16/2/22 15:00,0.1777,3066.77
16/2/22 16:00,-0.0903,3065.75
16/2/22 17:00,0.2052,3073.8
16/2/22 18:00,0.2104,3081.5
16/2/22 19:00,0,3152.57
16/2/22 20:00,0,3162.23
16/2/22 21:00,0.1107,3144.92
16/2/22 22:00,0.4246,3138.19
16/2/22 23:00,0.1529,3140.37
17/2/22 0:00,0.2745,3135.14
17/2/22 1:00,0.3568,3144
17/2/22 2:00,0.1466,3133.52
17/2/22 3:00,-0.2787,3110.54
17/2/22 4:00,-0.3612,3067.14
17/2/22 5:00,0.3744,3065.56
17/2/22 6:00,0,3083.43
17/2/22 7:00,0.3057,3093.11
17/2/22 8:00,0.124,3088.45
17/2/22 9:00,0.1838,3056.58
17/2/22 10:00,0.2977,3061.37
17/2/22 11:00,0.1592,3055.42
17/2/22 12:00,0.2032,3073.38
17/2/22 13:00,0.1433,3028.36
17/2/22 14:00,0.1437,2996.96
17/2/22 15:00,0.2698,2981.25
17/2/22 16:00,-0.1005,2989.53
17/2/22 17:00,0.2166,2961.65
17/2/22 18:00,0.5157,2913.99
17/2/22 19:00,0.5372,2905.98
17/2/22 20:00,0.0482,2896.98
17/2/22 21:00,0,2883.06
17/2/22 22:00,0.2265,2885.19
17/2/22 23:00,0.2712,2887.07
18/2/22 0:00,0,2880.84
18/2/22 1:00,0,2891.03
18/2/22 2:00,,2904.44
18/2/22 3:00,-0.0603,2904.87
18/2/22 4:00,0.1838,2896.01
18/2/22 5:00,0,2889.77
18/2/22 6:00,0.0727,2900.91
18/2/22 7:00,0.0778,2903.4
18/2/22 8:00,-0.0955,2917.34
18/2/22 9:00,0.2591,2929.62
18/2/22 10:00,-0.0106,2916.27
18/2/22 11:00,0.0885,2890.21
18/2/22 12:00,,2894.62
18/2/22 13:00,-0.0326,2892.39
18/2/22 14:00,0.3404,2861.98
18/2/22 15:00,0.5196,2824.68
18/2/22 16:00,0,2800.81
18/2/22 17:00,0.1061,2790.76
18/2/22 18:00,,2774.45
18/2/22 19:00,0,2794.02
18/2/22 20:00,0.2827,2784.14
18/2/22 21:00,,2791.34
18/2/22 22:00,0.0776,2771.06
18/2/22 23:00,0.2649,2781.3
19/2/22 0:00,0,2790.35
19/2/22 1:00,0,2820.37
19/2/22 2:00,0.807,2815.55
19/2/22 3:00,,2810.6
19/2/22 4:00,0,2809.52
19/2/22 5:00,0,2810.92
19/2/22 6:00,,2811.94
19/2/22 7:00,0.4019,2812.99
19/2/22 8:00,0.3027,2806.26
19/2/22 9:00,0.0223,2783.61
19/2/22 10:00,-0.34,2775.17
19/2/22 11:00,0.5261,2746.67
19/2/22 12:00,0.1003,2717.86
19/2/22 13:00,0.4057,2725.74
19/2/22 14:00,-0.7269,2731.47
19/2/22 15:00,-0.3322,2738.04
19/2/22 16:00,-0.0803,2769.27
19/2/22 17:00,0,2753
19/2/22 18:00,0.3612,2753.18
19/2/22 19:00,-0.148,2743.69
19/2/22 20:00,0.063,2752.66
19/2/22 21:00,0.6369,2742.78
19/2/22 22:00,,2738.54
19/2/22 23:00,0.2706,2751.06
20/2/22 0:00,0.1833,2743.35
20/2/22 1:00,,2726.28
20/2/22 2:00,0.4386,2730.42
20/2/22 3:00,0.201,2710.84
20/2/22 4:00,0.394,2697.79
20/2/22 5:00,-0.0013,2679.93
20/2/22 6:00,,2638.14
20/2/22 7:00,0.3676,2643.88
20/2/22 8:00,0.2727,2627.94
20/2/22 9:00,,2621.8
20/2/22 10:00,0.3753,2629.26
20/2/22 11:00,0.0086,2623.33
20/2/22 12:00,-0.1546,2638.36
20/2/22 13:00,0.2732,2629.68
20/2/22 14:00,0.4502,2621.64
20/2/22 15:00,0.0501,2637.24
20/2/22 16:00,0,2651.74
20/2/22 17:00,,2648.39
20/2/22 18:00,0.4019,2655.68
20/2/22 19:00,0,2650.83
20/2/22 20:00,0.051,2630.72
20/2/22 21:00,,2597.19
20/2/22 22:00,0.2552,2617.74
20/2/22 23:00,0.1808,2639.58
21/2/22 0:00,0.2392,2629.49
21/2/22 1:00,0.0658,2709.2
21/2/22 2:00,,2719.11
21/2/22 3:00,0.148,2717.8
21/2/22 4:00,0,2723.45
21/2/22 5:00,,2739.43
21/2/22 6:00,0.2515,2735.88
21/2/22 7:00,-0.4605,2740.06
21/2/22 8:00,0.2468,2735.4
21/2/22 9:00,0.0918,2720.05
21/2/22 10:00,-0.3892,2692.6
21/2/22 11:00,0.32,2656.97
21/2/22 12:00,0.1997,2613.65
21/2/22 13:00,0.1297,2599.82
21/2/22 14:00,0.1837,2678.22
21/2/22 15:00,0,2724.96
21/2/22 16:00,0.1437,2721.75
21/2/22 17:00,0.1631,2713.03
21/2/22 18:00,-0.296,2638.78
21/2/22 19:00,0,2636.45
21/2/22 20:00,-0.8352,2647.2
21/2/22 21:00,-0.3938,2636.84
21/2/22 22:00,,2603.79
21/2/22 23:00,0.2741,2587.41
22/2/22 0:00,0.156,2582.73
22/2/22 1:00,,2588.53
22/2/22 2:00,0,2578.04
22/2/22 3:00,,2528.33
22/2/22 4:00,-0.1304,2522.49
22/2/22 5:00,0.4063,2519.01
22/2/22 6:00,-0.2108,2513.47
22/2/22 7:00,0.004,2520.46
22/2/22 8:00,-0.0878,2533.97
22/2/22 9:00,0.2618,2544.91
22/2/22 10:00,-0.0888,2573.08
22/2/22 11:00,0.2365,2587.38
22/2/22 12:00,-0.1891,2597.29
22/2/22 13:00,0.0332,2591.43
22/2/22 14:00,0.2156,2604.04
22/2/22 15:00,0.1217,2636.03
22/2/22 16:00,0.2186,2600.51
22/2/22 17:00,0.2023,2595.71
22/2/22 18:00,0.1531,2594.21
22/2/22 19:00,0.3478,2606.33
22/2/22 20:00,0,2614.78
22/2/22 21:00,0.051,2612.34
22/2/22 22:00,0.1993,2600.71
22/2/22 23:00,,2626.2
23/2/22 0:00,0,2635.42
23/2/22 1:00,,2618.69
23/2/22 2:00,0.1012,2620.81
23/2/22 3:00,0.0438,2614.94
23/2/22 4:00,0.3036,2637.35
23/2/22 5:00,-0.064,2650.37
23/2/22 6:00,0.4019,2662.43
23/2/22 7:00,0.126,2674.69
23/2/22 8:00,-0.046,2698.33
23/2/22 9:00,0.178,2712.6
23/2/22 10:00,0,2710.18
23/2/22 11:00,0.2732,2719.22
23/2/22 12:00,0.064,2729.62
23/2/22 13:00,0.7618,2735.13
23/2/22 14:00,0.3107,2723.71
23/2/22 15:00,-0.1113,2694.09
23/2/22 16:00,-0.0139,2696.15
23/2/22 17:00,0.133,2700.75
23/2/22 18:00,0.1806,2650.28
23/2/22 19:00,0.3816,2641.89
23/2/22 20:00,0.3089,2623.01
23/2/22 21:00,-0.657,2622.77
23/2/22 22:00,0,2621.23
23/2/22 23:00,-0.0073,2595.16
24/2/22 0:00,-0.1817,2573
24/2/22 1:00,0.1472,2561.62
24/2/22 2:00,-0.2712,2560.68
24/2/22 3:00,-0.06,2436.2
24/2/22 4:00,0.2002,2387.11
24/2/22 5:00,0.1005,2349.28
24/2/22 6:00,0.2556,2341.22
24/2/22 7:00,0.1779,2335.39
24/2/22 8:00,-0.0149,2380.74
24/2/22 9:00,0.1914,2386.23
24/2/22 10:00,,2356.34
24/2/22 11:00,-0.0107,2358.65
24/2/22 12:00,0.192,2370.51
24/2/22 13:00,0.4796,2378.05
24/2/22 14:00,0.199,2403.65
24/2/22 15:00,0,2443.21
24/2/22 16:00,-0.2645,2466.76
24/2/22 17:00,0,2443.22
24/2/22 18:00,0.5659,2462.69
24/2/22 19:00,0,2546.94
24/2/22 20:00,0.4019,2655.74
24/2/22 21:00,0,2632.79
24/2/22 22:00,0,2598.95
24/2/22 23:00,,2587.02
25/2/22 0:00,0,2605.2
25/2/22 1:00,-0.4767,2617.82
25/2/22 2:00,0.2202,2635.56
25/2/22 3:00,,2623.42
25/2/22 4:00,,2622.27
25/2/22 5:00,0.1012,2607.12
25/2/22 6:00,0.318,2620.27
25/2/22 7:00,0.1924,2621.97
25/2/22 8:00,-0.337,2605.81
25/2/22 9:00,0.2289,2591.29
25/2/22 10:00,0.1292,2614.39
25/2/22 11:00,0.3185,2618.86
25/2/22 12:00,-0.0523,2677.52
25/2/22 13:00,0.2442,2713.91
25/2/22 14:00,0.1254,2694.81
25/2/22 15:00,0.4308,2698.69
25/2/22 16:00,0.0258,2718.08
25/2/22 17:00,,2705.04
25/2/22 18:00,0.3483,2681.3
25/2/22 19:00,-0.1268,2683.56
25/2/22 20:00,,2691.54
25/2/22 21:00,0.0713,2713.25
25/2/22 22:00,-0.2811,2723.99
25/2/22 23:00,0,2789.01
26/2/22 0:00,,2796.82
26/2/22 1:00,,2820.83
26/2/22 2:00,,2809.26
26/2/22 3:00,,2793.02
26/2/22 4:00,,2807.86
26/2/22 5:00,0.4706,2789.2
26/2/22 6:00,0.5911,2782.18
26/2/22 7:00,0.1909,2776.48
26/2/22 8:00,0.5688,2781.77
26/2/22 9:00,-0.1186,2752.88
26/2/22 10:00,0.3055,2756.52
26/2/22 11:00,0,2755.49
26/2/22 12:00,,2751.18
26/2/22 13:00,0.2394,2771.87
26/2/22 14:00,-0.068,2775.89
26/2/22 15:00,0,2788.58
26/2/22 16:00,0.4444,2787.36
26/2/22 17:00,,2789.39
26/2/22 18:00,0,2778.49
26/2/22 19:00,0,2816.81
26/2/22 20:00,0,2818.64
26/2/22 21:00,-0.2108,2831.62
26/2/22 22:00,-0.4019,2806.41
26/2/22 23:00,0.4915,2776.97
27/2/22 0:00,-0.125,2763.45
27/2/22 1:00,-0.1589,2711.44
27/2/22 2:00,0,2700.98
27/2/22 3:00,,2715.56
27/2/22 4:00,,2708.55
27/2/22 5:00,0,2712.35
27/2/22 6:00,0,2724.94
27/2/22 7:00,-0.2384,2737.98
27/2/22 8:00,0.1793,2733.78
27/2/22 9:00,-0.0001,2753.28
27/2/22 10:00,0.4292,2776.9
27/2/22 11:00,0,2812.02
27/2/22 12:00,0.145,2818.77
27/2/22 13:00,-0.0467,2792.47
27/2/22 14:00,0.0974,2763.95
27/2/22 15:00,0.1585,2786.31
27/2/22 16:00,,2778.36
27/2/22 17:00,,2769.12
27/2/22 18:00,0.1496,2751.78
27/2/22 19:00,0.1591,2682.36
27/2/22 20:00,-0.012,2615.96
27/2/22 21:00,-0.0049,2598.95
27/2/22 22:00,-0.1779,2614.33
27/2/22 23:00,0.1012,2606.19
28/2/22 0:00,-0.3751,2605.76
28/2/22 1:00,0.6239,2647.36
28/2/22 2:00,0.2732,2629.83
28/2/22 3:00,0.214,2609.37
28/2/22 4:00,0,2613.53
28/2/22 5:00,0.1994,2612
28/2/22 6:00,0.1132,2601.6
28/2/22 7:00,-0.1611,2626.6
28/2/22 8:00,0,2633.39
28/2/22 9:00,0.2502,2629.91
28/2/22 10:00,0.0804,2630.33
28/2/22 11:00,0.2329,2634.43
28/2/22 12:00,,2646.4
28/2/22 13:00,0.064,2622.07
28/2/22 14:00,0.3184,2683.88
28/2/22 15:00,0.4748,2788.42
28/2/22 16:00,-0.0527,2814.29
28/2/22 17:00,,2801.37
28/2/22 18:00,-0.2628,2807.32
28/2/22 19:00,0.2202,2798.53
28/2/22 20:00,-0.0129,2819.22
28/2/22 21:00,0.8316,2820.46
28/2/22 22:00,,2872.93
28/2/22 23:00,,2908.36
1/3/22 0:00,0,2946.03
1/3/22 1:00,,2928.98
1/3/22 2:00,,2914.98
1/3/22 3:00,,2904.61
1/3/22 4:00,,2914.75
1/3/22 5:00,,2917.46
1/3/22 6:00,0,2907.58
1/3/22 7:00,0.0593,2920.61
1/3/22 8:00,0.2193,2921.12
1/3/22 9:00,0.2395,2903.63
1/3/22 10:00,0.0175,2890.23
1/3/22 11:00,0.0201,2907.75
1/3/22 12:00,0.3267,2926.7
1/3/22 13:00,-0.0514,2984.62
1/3/22 14:00,-0.113,3006.17
1/3/22 15:00,,2960.39
1/3/22 16:00,-0.3637,2932.85
1/3/22 17:00,-0.1643,2925.04
1/3/22 18:00,,2937.51
1/3/22 19:00,0,2956.5
1/3/22 20:00,0,2962.25
1/3/22 21:00,,2955.83
1/3/22 22:00,0.6093,2957.24
1/3/22 23:00,,2965.36
2/3/22 0:00,,2949.69
2/3/22 1:00,0.1061,2932.83
2/3/22 2:00,0,2927.27
2/3/22 3:00,-0.1662,2971.56
2/3/22 4:00,,3017.76
2/3/22 5:00,0,2996.24
2/3/22 6:00,0.482,2982.53
2/3/22 7:00,,2966.98
2/3/22 8:00,0.1625,2984.4
2/3/22 9:00,0.2294,2988.99
2/3/22 10:00,0.1744,3005.06
2/3/22 11:00,0.0307,2998.84
2/3/22 12:00,0.1468,2990.54
2/3/22 13:00,0.1614,2951.48
2/3/22 14:00,0.202,2973.27
2/3/22 15:00,-0.2544,2969.23
2/3/22 16:00,-0.1027,2967.6
2/3/22 17:00,0.2294,2962.49
2/3/22 18:00,0.0985,2943.82
2/3/22 19:00,0.0842,2929.39
2/3/22 20:00,0,2938.46
2/3/22 21:00,-0.5255,2946.49
2/3/22 22:00,0.891,2967.32
2/3/22 23:00,0.1005,2957.06
3/3/22 0:00,0,2951.27
3/3/22 1:00,-0.2761,2951.2
3/3/22 2:00,0.0032,2930.72
3/3/22 3:00,,2913.34
3/3/22 4:00,,2900.44
3/3/22 5:00,0.4404,2904.33
3/3/22 6:00,0.2886,2899.97
3/3/22 7:00,0.2242,2907.55
3/3/22 8:00,0.4543,2906.07
3/3/22 9:00,0.7212,2893.28
3/3/22 10:00,0.3895,2890.63
3/3/22 11:00,0.0931,2916.54
3/3/22 12:00,0.3614,2915.96
3/3/22 13:00,0.1015,2919.27
3/3/22 14:00,0,2910
3/3/22 15:00,0.3134,2847.17
3/3/22 16:00,0,2825.14
3/3/22 17:00,0.2002,2815.94
3/3/22 18:00,-0.0357,2822.65
3/3/22 19:00,0.6309,2816.17
3/3/22 20:00,0.1564,2810.78
3/3/22 21:00,0.1101,2804.51
3/3/22 22:00,0.0538,2831.95
3/3/22 23:00,0,2837.02
4/3/22 0:00,0.1133,2798.62
4/3/22 1:00,-0.2547,2718.35
4/3/22 2:00,0.1366,2725.21
4/3/22 3:00,-0.0258,2721.98
4/3/22 4:00,0,2719.56
4/3/22 5:00,0.0686,2724.38
4/3/22 6:00,0.4404,2725.62
4/3/22 7:00,0.3863,2722.39
4/3/22 8:00,0.2311,2733.81
4/3/22 9:00,0.1459,2734.25
4/3/22 10:00,-0.0924,2739.14
4/3/22 11:00,-0.0096,2742.07
4/3/22 12:00,-0.0876,2733.7
4/3/22 13:00,0.4902,2725.62
4/3/22 14:00,0.1133,2698.58
4/3/22 15:00,0,2680.46
4/3/22 16:00,0.0841,2669.04
4/3/22 17:00,0,2685.54
4/3/22 18:00,,2683.59
4/3/22 19:00,0.6282,2634.47
4/3/22 20:00,0.1878,2612.12
4/3/22 21:00,,2612.2
4/3/22 22:00,0.5288,2600.05
4/3/22 23:00,,2613.7
5/3/22 0:00,0,2608.87
5/3/22 1:00,,2608.25
5/3/22 2:00,-0.0001,2612.11
5/3/22 3:00,0,2620.53
5/3/22 4:00,-0.0549,2618.84
5/3/22 5:00,-0.1511,2619.93
5/3/22 6:00,-0.1465,2625.07
5/3/22 7:00,0.1969,2631.83
5/3/22 8:00,-0.1366,2639.46
5/3/22 9:00,0.9348,2646.47
5/3/22 10:00,0.0342,2643.34
5/3/22 11:00,,2648.41
5/3/22 12:00,,2657.94
5/3/22 13:00,-0.044,2640.9
5/3/22 14:00,0,2641.64
5/3/22 15:00,0,2641.75
5/3/22 16:00,0.4615,2652.51
5/3/22 17:00,0,2665.91
5/3/22 18:00,0.4767,2661.07
5/3/22 19:00,0.293,2667.9
5/3/22 20:00,0,2670.27
5/3/22 21:00,,2662.64
5/3/22 22:00,0.8442,2659.58
5/3/22 23:00,,2661
6/3/22 0:00,,2667.01
6/3/22 1:00,,2664.2
6/3/22 2:00,0.6705,2659.74
6/3/22 3:00,0,2652.08
6/3/22 4:00,0,2635.62
6/3/22 5:00,0,2650.41
6/3/22 6:00,0,2649.72
6/3/22 7:00,0.0209,2643.98
6/3/22 8:00,-0.0652,2639.44
6/3/22 9:00,0.2123,2624.34
6/3/22 10:00,0.5328,2599.81
6/3/22 11:00,0.1468,2599.38
6/3/22 12:00,-0.0341,2612.09
6/3/22 13:00,0.3753,2634.08
6/3/22 14:00,,2628.86
6/3/22 15:00,,2621.8
6/3/22 16:00,,2639.82
6/3/22 17:00,-0.5719,2632.19
6/3/22 18:00,,2629.53
6/3/22 19:00,-0.5229,2618.19
6/3/22 20:00,-0.128,2613.34
6/3/22 21:00,,2625.55
6/3/22 22:00,0.3575,2634.75
6/3/22 23:00,,2568.95
7/3/22 0:00,0.0738,2536.18
7/3/22 1:00,-0.2553,2547.28
7/3/22 2:00,0,2533.52
7/3/22 3:00,-0.012,2519.53
7/3/22 4:00,-0.01,2525.35
7/3/22 5:00,0,2529.79
7/3/22 6:00,-0.0422,2532.83
7/3/22 7:00,0.0912,2527.05
7/3/22 8:00,,2518.6
7/3/22 9:00,0.1603,2534.96
7/3/22 10:00,-0.0058,2527.96
7/3/22 11:00,0.2133,2531.33
7/3/22 12:00,0,2557.18
7/3/22 13:00,0.4215,2589.12
7/3/22 14:00,-0.5423,2629.85
7/3/22 15:00,0.3262,2609.65
7/3/22 16:00,0.2176,2617.29
7/3/22 17:00,0,2581.95
7/3/22 18:00,-0.027,2532.38
7/3/22 19:00,0,2491.38
7/3/22 20:00,0,2464.5
7/3/22 21:00,0,2478.51
7/3/22 22:00,,2503.39
7/3/22 23:00,-0.1132,2500.03
8/3/22 0:00,0.0988,2510.86
8/3/22 1:00,0.1233,2528.95
8/3/22 2:00,-0.3182,2535.42
8/3/22 3:00,0.1897,2544.35
8/3/22 4:00,0.124,2548.16
8/3/22 5:00,0.9617,2526.55
8/3/22 6:00,0.2395,2514.38
8/3/22 7:00,0.3079,2524.81
8/3/22 8:00,0,2559.86
8/3/22 9:00,0.3404,2577.2
8/3/22 10:00,0.0913,2580.1
8/3/22 11:00,0,2586.54
8/3/22 12:00,0.1061,2580.4
8/3/22 13:00,0.5847,2576.86
8/3/22 14:00,0,2580.73
8/3/22 15:00,,2556.66
8/3/22 16:00,0,2549.35
8/3/22 17:00,0,2581.5
8/3/22 18:00,,2597.43
8/3/22 19:00,-0.1771,2569.04
8/3/22 20:00,0.0063,2567.94
8/3/22 21:00,0.0922,2555.16
8/3/22 22:00,0.9199,2567.55
8/3/22 23:00,-0.148,2575.85
9/3/22 0:00,0.0301,2578.06
9/3/22 1:00,,2602.5
9/3/22 2:00,0.1932,2618.45
9/3/22 3:00,0,2661.5
9/3/22 4:00,-0.2231,2710.5
9/3/22 5:00,0.1505,2712.11
9/3/22 6:00,,2713.87
9/3/22 7:00,0,2731.02
9/3/22 8:00,0.1592,2739.23
9/3/22 9:00,0.1204,2757.51
9/3/22 10:00,0.1587,2751.77
9/3/22 11:00,0.0883,2749.8
9/3/22 12:00,0.3263,2749.78
9/3/22 13:00,-0.1341,2731.99
9/3/22 14:00,0.374,2735.47
9/3/22 15:00,0,2743.2
9/3/22 16:00,0.2712,2748
9/3/22 17:00,0.143,2743.46
9/3/22 18:00,0.3706,2721.08
9/3/22 19:00,0.5661,2703.13
9/3/22 20:00,,2704.36
9/3/22 21:00,0.089,2693.91
9/3/22 22:00,0,2714.06
9/3/22 23:00,0.2787,2721.41
10/3/22 0:00,0,2717.28
10/3/22 1:00,0,2699.84
10/3/22 2:00,0.0065,2666.69
10/3/22 3:00,,2665.59
10/3/22 4:00,-0.0298,2627.14
10/3/22 5:00,0,2594.38
10/3/22 6:00,0.0176,2586.69
10/3/22 7:00,0.0911,2590.9
10/3/22 8:00,0.1542,2588.08
10/3/22 9:00,0.033,2599.39
10/3/22 10:00,0.2833,2595.32
10/3/22 11:00,0.1631,2589.67
10/3/22 12:00,0.1533,2598.32
10/3/22 13:00,0.111,2594.03
10/3/22 14:00,0.3145,2580.03
10/3/22 15:00,0.3066,2598.04
10/3/22 16:00,-0.4404,2593.75
10/3/22 17:00,0,2593.92
10/3/22 18:00,-0.051,2592.95
10/3/22 19:00,0.2094,2603.13
10/3/22 20:00,0.9217,2607.93
10/3/22 21:00,0.2382,2611.3
10/3/22 22:00,0.5729,2603.56
10/3/22 23:00,,2610.09
11/3/22 0:00,0.3697,2598.98
11/3/22 1:00,0.5106,2570.29
11/3/22 2:00,0,2544.51
11/3/22 3:00,0.0845,2537.35
11/3/22 4:00,0,2544.53
11/3/22 5:00,,2547.85
11/3/22 6:00,0.2732,2572.14
11/3/22 7:00,-0.3243,2601.75
11/3/22 8:00,0.216,2600.85
11/3/22 9:00,0.1012,2600.42
11/3/22 10:00,0,2601.42
11/3/22 11:00,0.326,2621.7
11/3/22 12:00,,2654.69
11/3/22 13:00,0.3182,2632.01
11/3/22 14:00,0.4352,2618.63
11/3/22 15:00,-0.2633,2585.1
11/3/22 16:00,-0.4324,2560.76
11/3/22 17:00,0.195,2557.52
11/3/22 18:00,0.3837,2563.5
11/3/22 19:00,0.2984,2559.45
11/3/22 20:00,0,2550.5
11/3/22 21:00,0.8316,2565.51
11/3/22 22:00,0.9286,2573.57
11/3/22 23:00,0,2564.2
12/3/22 0:00,0,2569.94
12/3/22 1:00,0.7712,2584.67
12/3/22 2:00,0.1366,2585.98
12/3/22 3:00,0.5859,2586.37
12/3/22 4:00,,2582.21
12/3/22 5:00,0.8779,2585.06
12/3/22 6:00,0.2764,2590.33
12/3/22 7:00,,2585.71
12/3/22 8:00,0,2581.25
12/3/22 9:00,0.4019,2584.18
12/3/22 10:00,0,2585.1
12/3/22 11:00,0.275,2582.17
12/3/22 12:00,0,2581.69
12/3/22 13:00,-0.0318,2588.35
12/3/22 14:00,,2575.15
12/3/22 15:00,0.5084,2575.46
12/3/22 16:00,0.2633,2590.42
12/3/22 17:00,0.4409,2594.56
12/3/22 18:00,0.0881,2584.2
12/3/22 19:00,-0.296,2578.13
12/3/22 20:00,0.2732,2584.18
12/3/22 21:00,0.8553,2589.1
12/3/22 22:00,0,2587.51
12/3/22 23:00,,2580.83
13/3/22 0:00,,2568.24
13/3/22 1:00,,2586.16
13/3/22 2:00,,2591.53
13/3/22 3:00,,2590.88
13/3/22 4:00,,2588.57
13/3/22 5:00,-0.0614,2586.88
13/3/22 6:00,,2583.73
13/3/22 7:00,,2585.16
13/3/22 8:00,0,2578.55
13/3/22 9:00,0.1591,2574.27
13/3/22 10:00,0.4404,2583.16
13/3/22 11:00,0,2580.18
13/3/22 12:00,0,2551.12
13/3/22 13:00,0.3502,2554.99
13/3/22 14:00,0,2563.52
13/3/22 15:00,0.3676,2577.46
13/3/22 16:00,-0.0911,2577.23
13/3/22 17:00,0.1591,2579.45
13/3/22 18:00,0,2579.21
13/3/22 19:00,0.1378,2573.32
13/3/22 20:00,0.5719,2551.34
13/3/22 21:00,0,2552.6
13/3/22 22:00,0,2552.87
13/3/22 23:00,0.5392,2511.19
14/3/22 0:00,0.6166,2511.16
14/3/22 1:00,-0.2294,2527.32
14/3/22 2:00,0.0903,2525.43
14/3/22 3:00,0.1902,2525.47
14/3/22 4:00,0.25,2569.28
14/3/22 5:00,0.915,2570.66
14/3/22 6:00,-0.0746,2572.52
14/3/22 7:00,-0.0217,2580.95
14/3/22 8:00,0.0386,2591.14
14/3/22 9:00,0.3052,2594.13
14/3/22 10:00,0.068,2589.48
14/3/22 11:00,-0.0797,2584.49
14/3/22 12:00,0.1835,2574.19
14/3/22 13:00,0.2044,2571.81
14/3/22 14:00,0.2303,2580.91
14/3/22 15:00,0.1436,2578.54
14/3/22 16:00,0.5989,2570.21
14/3/22 17:00,0.3312,2543.34
14/3/22 18:00,0.2886,2528.76
14/3/22 19:00,-0.2108,2530.17
14/3/22 20:00,0.5663,2536.68
14/3/22 21:00,0.134,2533.94
14/3/22 22:00,,2558.66
14/3/22 23:00,0.153,2586.5
15/3/22 0:00,0.1012,2587.02
15/3/22 1:00,,2552.38
15/3/22 2:00,0,2555.22
15/3/22 3:00,0.1806,2551.38
15/3/22 4:00,0.2196,2545.49
15/3/22 5:00,0.1027,2545.52
15/3/22 6:00,0,2550.01
15/3/22 7:00,-0.4939,2527.4
15/3/22 8:00,-0.082,2521.03
15/3/22 9:00,0.6322,2525.15
15/3/22 10:00,0.0517,2531.04
15/3/22 11:00,0.3044,2535.28
15/3/22 12:00,0.049,2539.8
15/3/22 13:00,-0.0905,2535.3
15/3/22 14:00,-0.009,2548.33
15/3/22 15:00,0.2118,2571.37
15/3/22 16:00,0.0851,2590.42
15/3/22 17:00,-0.0129,2591.8
15/3/22 18:00,,2601.77
15/3/22 19:00,0,2650.04
15/3/22 20:00,0.0836,2638.96
15/3/22 21:00,0.4215,2621.81
15/3/22 22:00,0.3793,2625.68
15/3/22 23:00,0.0848,2620.06
16/3/22 0:00,0,2616.05
16/3/22 1:00,-0.3213,2627.02
16/3/22 2:00,0,2696.41
16/3/22 3:00,,2641.96
16/3/22 4:00,,2617.79
16/3/22 5:00,0,2620.56
16/3/22 6:00,0,2635.83
16/3/22 7:00,0.3568,2640.72
16/3/22 8:00,0.201,2661.36
16/3/22 9:00,,2677.82
16/3/22 10:00,0.1405,2681.68
16/3/22 11:00,0.2335,2683.13
16/3/22 12:00,0.4899,2679.45
16/3/22 13:00,0.1059,2675.89
16/3/22 14:00,0.3712,2697.69
16/3/22 15:00,0.6369,2707.86
16/3/22 16:00,0.0669,2699.46
16/3/22 17:00,0.1868,2692.66
16/3/22 18:00,-0.1252,2664.24
16/3/22 19:00,-0.2732,2719.93
16/3/22 20:00,,2769.95
16/3/22 21:00,,2768.7
16/3/22 22:00,0.4217,2753.77
16/3/22 23:00,0.1778,2763.16
17/3/22 0:00,0.4746,2763.67
17/3/22 1:00,-0.3383,2763.57
17/3/22 2:00,0,2769.01
17/3/22 3:00,,2768.42
17/3/22 4:00,0.4647,2763.13
17/3/22 5:00,-0.1652,2761.51
17/3/22 6:00,0.0644,2758.31
17/3/22 7:00,0.4561,2755.68
17/3/22 8:00,-0.2732,2763.81
17/3/22 9:00,0.046,2766.86
17/3/22 10:00,0.2411,2761.4
17/3/22 11:00,0.1457,2771.42
17/3/22 12:00,0.0419,2795.94
17/3/22 13:00,0.4259,2809.27
17/3/22 14:00,0.213,2811.92
17/3/22 15:00,0.5278,2807.72
17/3/22 16:00,0.2821,2802.68
17/3/22 17:00,0.005,2796.05
17/3/22 18:00,0.3051,2810.07
17/3/22 19:00,-0.0141,2817.45
17/3/22 20:00,0.0468,2810.49
17/3/22 21:00,0,2811.76
17/3/22 22:00,-0.4985,2814.81
17/3/22 23:00,-0.0771,2813.03
18/3/22 0:00,0,2797.69
18/3/22 1:00,0,2778.51
18/3/22 2:00,0,2781.36
18/3/22 3:00,-0.4117,2778.72
18/3/22 4:00,0.1818,2776.64
18/3/22 5:00,0.3816,2793.18
18/3/22 6:00,,2800.89
18/3/22 7:00,0.2172,2795.1
18/3/22 8:00,-0.1589,2799.13
18/3/22 9:00,0,2798.76
18/3/22 10:00,0.4367,2801.76
18/3/22 11:00,0.1185,2789.97
18/3/22 12:00,0.1574,2805.32
18/3/22 13:00,0.1326,2801.76
18/3/22 14:00,0.4356,2832.72
18/3/22 15:00,-0.0481,2875.2
18/3/22 16:00,0.0024,2897.92
18/3/22 17:00,0.167,2932.04
18/3/22 18:00,0.0736,2930.02
18/3/22 19:00,0.4012,2938.52
18/3/22 20:00,0.0269,2959.09
18/3/22 21:00,0.3161,2947.94
18/3/22 22:00,0.9294,2943.24
18/3/22 23:00,0,2942.61
19/3/22 0:00,-0.1391,2959.5
19/3/22 1:00,0.8271,2959.5
19/3/22 2:00,-0.2263,2950.4
19/3/22 3:00,0.6115,2945.91
19/3/22 4:00,,2944.78
19/3/22 5:00,-0.1591,2939.14
19/3/22 6:00,-0.1472,2936.16
19/3/22 7:00,0,2929.14
19/3/22 8:00,0.4404,2929.07
19/3/22 9:00,-0.2732,2944.24
19/3/22 10:00,0,2943.4
19/3/22 11:00,0.1464,2944.44
19/3/22 12:00,-0.148,2953.76
19/3/22 13:00,0.2688,2960.57
19/3/22 14:00,0.2149,2953.04
19/3/22 15:00,0,2966.25
19/3/22 16:00,-0.1691,2969.91
19/3/22 17:00,0.1436,2959.24
19/3/22 18:00,0.05,2951.72
19/3/22 19:00,0.4755,2950.63
19/3/22 20:00,0,2951
19/3/22 21:00,,2956.92
19/3/22 22:00,0.0566,2922.48
19/3/22 23:00,0.5628,2944.81
20/3/22 0:00,,2947.58
20/3/22 1:00,0.6166,2922.32
20/3/22 2:00,,2922.32
20/3/22 3:00,0,2929.35
20/3/22 4:00,,2925.32
20/3/22 5:00,0,2925.8
20/3/22 6:00,,2928.62
20/3/22 7:00,-0.094,2923.22
20/3/22 8:00,0.136,2927.27
20/3/22 9:00,0.1257,2917.28
20/3/22 10:00,,2916.09
20/3/22 11:00,0.095,2910.04
20/3/22 12:00,-0.296,2887.52
20/3/22 13:00,0.1953,2879.62
20/3/22 14:00,-0.045,2873.22
20/3/22 15:00,0.2165,2859
20/3/22 16:00,0,2857.62
20/3/22 17:00,-0.1129,2838.62
20/3/22 18:00,0.3184,2834.49
20/3/22 19:00,0,2858.48
20/3/22 20:00,0.6369,2885.72
20/3/22 21:00,0,2876.21
20/3/22 22:00,0.296,2865.44
20/3/22 23:00,0.2393,2862.77
21/3/22 0:00,0.0917,2859.48
21/3/22 1:00,0.0347,2865.83
21/3/22 2:00,0,2851.99
21/3/22 3:00,0.4612,2841.75
21/3/22 4:00,-0.2346,2842.32
21/3/22 5:00,0.4019,2853.28
21/3/22 6:00,0.4019,2865.8
21/3/22 7:00,-0.17,2873.97
21/3/22 8:00,0.1569,2888.93
21/3/22 9:00,0.0266,2890.15
21/3/22 10:00,-0.0859,2909.01
21/3/22 11:00,0.1481,2911.03
21/3/22 12:00,0.4046,2901.08
21/3/22 13:00,0.082,2925.12
21/3/22 14:00,0.2773,2904.61
21/3/22 15:00,0.4462,2940.55
21/3/22 16:00,0.1056,2936.54
21/3/22 17:00,0.066,2911.19
21/3/22 18:00,0.0055,2913.97
21/3/22 19:00,0.2152,2905.48
21/3/22 20:00,0.1027,2917.22
21/3/22 21:00,0.0674,2909.7
21/3/22 22:00,0.1327,2913.38
21/3/22 23:00,0.1646,2900.36
22/3/22 0:00,0.3716,2895.18
22/3/22 1:00,0.0533,2898.97
22/3/22 2:00,-0.011,2949.53
22/3/22 3:00,0.099,3001.89
22/3/22 4:00,0,3025.37
22/3/22 5:00,0,3020.93
22/3/22 6:00,0.1711,2985.62
22/3/22 7:00,-0.1019,2990.55
22/3/22 8:00,0.1404,3009.33
22/3/22 9:00,0.0271,3007.41
22/3/22 10:00,0.1999,3011.79
22/3/22 11:00,0.1162,3018.25
22/3/22 12:00,-0.0282,3008.66
22/3/22 13:00,0.5203,3004.66
22/3/22 14:00,-0.0702,3011.93
22/3/22 15:00,0.0602,3009.64
22/3/22 16:00,0.5114,3004.2
22/3/22 17:00,-0.4055,3006.06
22/3/22 18:00,0.1103,2998.66
22/3/22 19:00,-0.3275,3003.22
22/3/22 20:00,-0.1003,2998.58
22/3/22 21:00,,3008
22/3/22 22:00,0.2198,3002.57
22/3/22 23:00,0.4899,2981.99
23/3/22 0:00,0.1273,2970.06
23/3/22 1:00,0.414,2946.85
23/3/22 2:00,0.0804,2973.73
23/3/22 3:00,0,2965.11
23/3/22 4:00,0.3243,2937.92
23/3/22 5:00,,2940.2
23/3/22 6:00,0.1663,2953.14
23/3/22 7:00,0.1674,2948.87
23/3/22 8:00,0.1813,2948.62
23/3/22 9:00,0.1909,2951.48
23/3/22 10:00,-0.0129,2960.61
23/3/22 11:00,0.1372,2951.5
23/3/22 12:00,0.2135,2951.38
23/3/22 13:00,0.1051,2956.46
23/3/22 14:00,0.0151,2980.37
23/3/22 15:00,0,3014.54
23/3/22 16:00,0.3475,3018.68
23/3/22 17:00,0.0715,2992.19
23/3/22 18:00,0,2965.77
23/3/22 19:00,0.5564,2964.11
23/3/22 20:00,0.5073,2975.68
23/3/22 21:00,0.2108,2983.86
23/3/22 22:00,0.3144,3004.83
23/3/22 23:00,-0.1132,3010.57
24/3/22 0:00,,3055.4
24/3/22 1:00,0.0102,3029.63
24/3/22 2:00,0.2618,3022.77
24/3/22 3:00,0.2473,3029.44
24/3/22 4:00,0,3021.01
24/3/22 5:00,0.2864,3028.88
24/3/22 6:00,-0.002,3051.3
24/3/22 7:00,-0.0861,3041.63
24/3/22 8:00,-0.0076,3041.8
24/3/22 9:00,-0.1424,3050.15
24/3/22 10:00,-0.0881,3049.38
24/3/22 11:00,-0.0038,3052.35
24/3/22 12:00,0.1674,3034.69
24/3/22 13:00,0.0963,3019.2
24/3/22 14:00,0.25,3037.31
24/3/22 15:00,0.1263,3099.24
24/3/22 16:00,0.0456,3103.78
24/3/22 17:00,0.3654,3112.35
24/3/22 18:00,0.1947,3097.54
24/3/22 19:00,0,3111.11
24/3/22 20:00,-0.117,3103.33
24/3/22 21:00,,3100.33
24/3/22 22:00,0.105,3109.18
24/3/22 23:00,,3106.76
25/3/22 0:00,,3101.78
25/3/22 1:00,,3116.84
25/3/22 2:00,0.1591,3120.98
25/3/22 3:00,0.6946,3124.69
25/3/22 4:00,-0.1366,3137.02
25/3/22 5:00,0.3084,3135.03
25/3/22 6:00,0.3403,3136.97
25/3/22 7:00,0.2066,3136.94
25/3/22 8:00,0.3567,3118.8
25/3/22 9:00,0.0644,3126.16
25/3/22 10:00,0.0223,3137.2
25/3/22 11:00,0.13,3156.15
25/3/22 12:00,0.1577,3173.98
25/3/22 13:00,0.3383,3177.78
25/3/22 14:00,0.483,3174.79
25/3/22 15:00,-0.019,3138.99
25/3/22 16:00,0.0558,3117.28
25/3/22 17:00,0.4194,3094.98
25/3/22 18:00,0.2515,3120.23
25/3/22 19:00,0.3021,3102.32
25/3/22 20:00,-0.1244,3115.81
25/3/22 21:00,0,3114.38
25/3/22 22:00,0.1536,3106.22
25/3/22 23:00,0.8327,3100.63
26/3/22 0:00,0,3104.35
26/3/22 1:00,0.1806,3100.16
26/3/22 2:00,,3104.25
26/3/22 3:00,0,3106.95
26/3/22 4:00,0.6118,3106.96
26/3/22 5:00,0.3062,3114.15
26/3/22 6:00,0.3612,3121.71
26/3/22 7:00,0.1027,3121.88
26/3/22 8:00,0.7482,3128.33
26/3/22 9:00,-0.2574,3123.16
26/3/22 10:00,0.2612,3122.46
26/3/22 11:00,0.3856,3124.73
26/3/22 12:00,,3117.4
26/3/22 13:00,0.34,3118.17
26/3/22 14:00,,3112.44
26/3/22 15:00,0.2841,3118.18
26/3/22 16:00,0,3117.99
26/3/22 17:00,0.3906,3121.9
26/3/22 18:00,,3119.1
26/3/22 19:00,,3119.53
26/3/22 20:00,0.6406,3137.55
26/3/22 21:00,0.2159,3130.66
26/3/22 22:00,0.047,3137.72
26/3/22 23:00,0.4354,3140.54
27/3/22 0:00,-0.6808,3142.37
27/3/22 1:00,,3146.16
27/3/22 2:00,0,3155.22
27/3/22 3:00,0.3263,3146.5
27/3/22 4:00,,3139.32
27/3/22 5:00,0.3891,3141.67
27/3/22 6:00,-0.2686,3147.23
27/3/22 7:00,,3150.23
27/3/22 8:00,,3149.2
27/3/22 9:00,,3146.43
27/3/22 10:00,0.213,3143.44
27/3/22 11:00,0.1166,3145.68
27/3/22 12:00,0.3859,3137.28
27/3/22 13:00,0.3182,3137.56
27/3/22 14:00,0,3146.38
27/3/22 15:00,0,3157.99
27/3/22 16:00,0.1417,3172.03
27/3/22 17:00,0.148,3174.09
27/3/22 18:00,0.1965,3179.89
27/3/22 19:00,0.1909,3176.06
27/3/22 20:00,0.3235,3195.44
27/3/22 21:00,0.2321,3257.07
27/3/22 22:00,,3273.48
27/3/22 23:00,0,3281.81
28/3/22 0:00,-0.0438,3288.92
28/3/22 1:00,0.21,3295.57
28/3/22 2:00,0.1591,3298.25
28/3/22 3:00,0.7574,3308.3
28/3/22 4:00,0.0129,3306.63
28/3/22 5:00,0.4255,3325.63
28/3/22 6:00,-0.4016,3316.23
28/3/22 7:00,0.2384,3319.85
28/3/22 8:00,0,3317.7
28/3/22 9:00,0.0582,3329.63
28/3/22 10:00,-0.1242,3344.05
28/3/22 11:00,0.1747,3346.04
28/3/22 12:00,0.1925,3340.2
28/3/22 13:00,0.2643,3359.35
28/3/22 14:00,0.1192,3373.36
28/3/22 15:00,0.4261,3379.58
28/3/22 16:00,0,3357.51
28/3/22 17:00,0.284,3365.55
28/3/22 18:00,0.1301,3394.44
28/3/22 19:00,0,3415.39
28/3/22 20:00,0.4588,3408.11
28/3/22 21:00,0.2143,3392.74
28/3/22 22:00,0,3378.22
28/3/22 23:00,0.0878,3351.36
29/3/22 0:00,,3355.29
29/3/22 1:00,,3374.53
29/3/22 2:00,0,3386.76
29/3/22 3:00,0.2202,3372.63
29/3/22 4:00,-0.6124,3383.32
29/3/22 5:00,0.2265,3396.52
29/3/22 6:00,0.0805,3411.49
29/3/22 7:00,0.2584,3399.18
29/3/22 8:00,0.5656,3405.38
29/3/22 9:00,0.2266,3427.4
29/3/22 10:00,0.2379,3425.12
29/3/22 11:00,-0.0338,3441.77
29/3/22 12:00,0.1912,3468.35
29/3/22 13:00,0.0916,3452.97
29/3/22 14:00,0.1263,3445.16
29/3/22 15:00,-0.4026,3433.78
29/3/22 16:00,-0.1646,3400.34
29/3/22 17:00,0.1337,3397.54
29/3/22 18:00,0.332,3407.51
29/3/22 19:00,0.1194,3431.32
29/3/22 20:00,0.0313,3416.08
29/3/22 21:00,-0.4793,3388.21
29/3/22 22:00,0.3426,3374.43
29/3/22 23:00,-0.0258,3392.66
30/3/22 0:00,0.1909,3376.64
30/3/22 1:00,0.1204,3361.24
30/3/22 2:00,0.6081,3365.41
30/3/22 3:00,-0.0729,3380.6
30/3/22 4:00,0.0557,3375.34
30/3/22 5:00,0.1215,3387.97
30/3/22 6:00,-0.5423,3404.46
30/3/22 7:00,-0.3293,3407.52
30/3/22 8:00,0.3378,3399.96
30/3/22 9:00,0,3392.04
30/3/22 10:00,0.4225,3394.66
30/3/22 11:00,-0.0615,3405.47
30/3/22 12:00,0.5039,3397.96
30/3/22 13:00,-0.247,3382.23
30/3/22 14:00,0.1388,3371.33
30/3/22 15:00,0.1798,3367.58
30/3/22 16:00,0,3389.9
30/3/22 17:00,0.355,3405.6
30/3/22 18:00,0.1405,3422.77
30/3/22 19:00,-0.477,3385.08
30/3/22 20:00,0,3395.22
30/3/22 21:00,0,3399.94
30/3/22 22:00,0.046,3383.98
30/3/22 23:00,0.1591,3388.32
31/3/22 0:00,-0.2384,3396.79
31/3/22 1:00,0.129,3408.45
31/3/22 2:00,0.1438,3410.2
31/3/22 3:00,0.189,3402.71
31/3/22 4:00,0.7014,3395.48
31/3/22 5:00,0.1405,3395.93
31/3/22 6:00,0.3838,3396.38
31/3/22 7:00,0.2334,3397.81
31/3/22 8:00,-0.0649,3405.3
31/3/22 9:00,0.1573,3404.34
31/3/22 10:00,0.1002,3415.69
31/3/22 11:00,0.2176,3407.11
31/3/22 12:00,0.5994,3420.46
31/3/22 13:00,0.1806,3405.76
31/3/22 14:00,0.505,3358.91
31/3/22 15:00,-0.0153,3361.42
31/3/22 16:00,0.239,3309.86
31/3/22 17:00,0,3286.18
31/3/22 18:00,0.3296,3288.4
31/3/22 19:00,0.2343,3295.52
31/3/22 20:00,0.1357,3292.89
31/3/22 21:00,0.106,3296.28
31/3/22 22:00,0.0129,3283.35
31/3/22 23:00,0.1061,3281.33
1/4/22 0:00,,3293.22
1/4/22 1:00,0.0258,3282.63
1/4/22 2:00,0.2202,3240.7
1/4/22 3:00,0.25,3235
1/4/22 4:00,,3252.8
1/4/22 5:00,0,3253.4
1/4/22 6:00,0,3254.81
1/4/22 7:00,0,3268.67
1/4/22 8:00,0.1333,3282.18
1/4/22 9:00,0.2553,3274.59
1/4/22 10:00,0.4312,3274.01
1/4/22 11:00,0.0125,3286.85
1/4/22 12:00,0.2607,3284.57
1/4/22 13:00,0.3121,3339.13
1/4/22 14:00,0.334,3382.65
1/4/22 15:00,0.1061,3432.33
1/4/22 16:00,0.2565,3425.77
1/4/22 17:00,0,3442.55
1/4/22 18:00,0.1817,3462.12
1/4/22 19:00,0.5994,3456.57
1/4/22 20:00,0.5334,3455.69
1/4/22 21:00,0.2023,3452.82
1/4/22 22:00,0.1031,3447.16
1/4/22 23:00,0.379,3443.21
2/4/22 0:00,0.6369,3466.79
2/4/22 1:00,-0.5423,3487.6
2/4/22 2:00,0,3476.18
2/4/22 3:00,0.4176,3463.68
2/4/22 4:00,0,3472.52
2/4/22 5:00,,3474.86
2/4/22 6:00,0,3477.88
2/4/22 7:00,,3479.14
2/4/22 8:00,0.2518,3477.51
2/4/22 9:00,-0.0424,3477.33
2/4/22 10:00,0.4019,3483.55
2/4/22 11:00,0.0987,3490.29
2/4/22 12:00,0.4019,3504.11
2/4/22 13:00,-0.477,3513.36
2/4/22 14:00,0.1642,3493.07
2/4/22 15:00,0.3547,3464.44
2/4/22 16:00,-0.1646,3469.56
2/4/22 17:00,0,3478.94
2/4/22 18:00,0.5859,3461.32
2/4/22 19:00,0.3588,3468.67
2/4/22 20:00,0.345,3473.61
2/4/22 21:00,0.6674,3466.09
2/4/22 22:00,0.0258,3468.61
2/4/22 23:00,-0.0654,3454.74
3/4/22 0:00,0.3713,3457.8
3/4/22 1:00,,3434.68
3/4/22 2:00,0,3439.82
3/4/22 3:00,,3450.53
3/4/22 4:00,,3463.76
3/4/22 5:00,,3474.23
3/4/22 6:00,0.464,3496.01
3/4/22 7:00,-0.1458,3490.36
3/4/22 8:00,0.2202,3487.34
3/4/22 9:00,0.25,3486.8
3/4/22 10:00,0.4404,3485.3
3/4/22 11:00,0.3416,3481.32
3/4/22 12:00,0.3544,3491.11
3/4/22 13:00,,3496.09
3/4/22 14:00,0.2044,3490.89
3/4/22 15:00,0.3086,3507.51
3/4/22 16:00,0.1335,3493.77
3/4/22 17:00,0.0172,3487.62
3/4/22 18:00,0,3496
3/4/22 19:00,0,3497.94
3/4/22 20:00,0,3493.53
3/4/22 21:00,0,3507.64
3/4/22 22:00,,3557.43
3/4/22 23:00,-0.2084,3522.17
4/4/22 0:00,,3499.13
4/4/22 1:00,,3485.52
4/4/22 2:00,-0.3818,3489.87
4/4/22 3:00,0,3499.78
4/4/22 4:00,0.4912,3496.65
4/4/22 5:00,0.1663,3499.44
4/4/22 6:00,-0.1531,3501.3
4/4/22 7:00,0.0367,3498.94
4/4/22 8:00,-0.0258,3493.12
4/4/22 9:00,0,3482.76
4/4/22 10:00,0.0186,3465.61
4/4/22 11:00,0.1456,3471.01
4/4/22 12:00,0.1339,3476.7
4/4/22 13:00,0.3286,3470.7
4/4/22 14:00,,3464.25
4/4/22 15:00,0.2391,3432.93
4/4/22 16:00,0.3025,3442.22
4/4/22 17:00,0.4003,3444.72
4/4/22 18:00,0,3436.95
4/4/22 19:00,0.2915,3476.43
4/4/22 20:00,0.2354,3498.7
4/4/22 21:00,-0.3243,3509.48
4/4/22 22:00,0.211,3511.76
4/4/22 23:00,0.4426,3526.21
5/4/22 0:00,0.6908,3511.25
5/4/22 1:00,0.6705,3511.13
5/4/22 2:00,0.5147,3516.12
5/4/22 3:00,,3522.11
5/4/22 4:00,-0.148,3521.59
5/4/22 5:00,0.2799,3521.88
5/4/22 6:00,0.1643,3517.92
5/4/22 7:00,0.0674,3523.51
5/4/22 8:00,0.2108,3520.55
5/4/22 9:00,,3520.34
5/4/22 10:00,0.2743,3515.14
5/4/22 11:00,-0.0049,3518.26
5/4/22 12:00,0.1273,3530.55
5/4/22 13:00,0.3447,3486.43
5/4/22 14:00,0.1829,3452.21
5/4/22 15:00,0.1214,3455.35
5/4/22 16:00,0,3454.04
5/4/22 17:00,0.3782,3464.52
5/4/22 18:00,0.1012,3449.96
5/4/22 19:00,0.4779,3447.97
5/4/22 20:00,0.291,3445.31
5/4/22 21:00,0.5859,3439.12
5/4/22 22:00,,3447.98
5/4/22 23:00,-0.089,3431.21
6/4/22 0:00,0.249,3324.21
6/4/22 1:00,0.0521,3336.35
6/4/22 2:00,0.178,3346.57
6/4/22 3:00,0.4498,3342.02
6/4/22 4:00,-0.1366,3345.96
6/4/22 5:00,,3362.91
6/4/22 6:00,0.2393,3359.75
6/4/22 7:00,0.21,3358.08
6/4/22 8:00,-0.0346,3346.39
6/4/22 9:00,0.3229,3343.55
6/4/22 10:00,0.14,3335.89
6/4/22 11:00,0.1104,3304.22
6/4/22 12:00,-0.0317,3310.14
6/4/22 13:00,0.1365,3298.19
6/4/22 14:00,-0.2108,3253.47
6/4/22 15:00,0.4019,3246.68
6/4/22 16:00,0.3157,3223.34
6/4/22 17:00,0,3206.56
6/4/22 18:00,0.6473,3215.52
6/4/22 19:00,0.7574,3225.32
6/4/22 20:00,0.2294,3220.47
6/4/22 21:00,0.0494,3227.51
6/4/22 22:00,0.7184,3210.16
6/4/22 23:00,-0.5574,3187.21
7/4/22 0:00,,3182.11
7/4/22 1:00,0,3176.9
7/4/22 2:00,0,3182.2
7/4/22 3:00,0,3180.76
7/4/22 4:00,,3194.96
7/4/22 5:00,0.8168,3202.97
7/4/22 6:00,0.4587,3211.8
7/4/22 7:00,0.617,3223.55
7/4/22 8:00,0.379,3223.02
7/4/22 9:00,0.3535,3215.37
7/4/22 10:00,0.3818,3222.37
7/4/22 11:00,-0.1061,3233.67
7/4/22 12:00,0.201,3248.89
7/4/22 13:00,0.2147,3218.55
7/4/22 14:00,-0.0731,3205.93
7/4/22 15:00,0.0828,3182.97
7/4/22 16:00,0.1133,3207.21
7/4/22 17:00,0.4199,3223.1
7/4/22 18:00,0.1132,3227.61
7/4/22 19:00,0.4052,3226.93
7/4/22 20:00,-0.0252,3227.07
7/4/22 21:00,0.0148,3217.11
7/4/22 22:00,0.0722,3223.57
7/4/22 23:00,0.3739,3238.11
8/4/22 0:00,0.8126,3226.98
8/4/22 1:00,,3236.89
8/4/22 2:00,0,3256.72
8/4/22 3:00,0,3260.38
8/4/22 4:00,,3259.01
8/4/22 5:00,0.2294,3263.47
8/4/22 6:00,0.3077,3261.89
8/4/22 7:00,0.3067,3259.96
8/4/22 8:00,0,3292.13
8/4/22 9:00,0.4006,3289.91
8/4/22 10:00,0.2202,3278.95
8/4/22 11:00,-0.064,3267.48
8/4/22 12:00,0.5136,3256.6
8/4/22 13:00,0.3102,3226.5
8/4/22 14:00,0.2179,3268.06
8/4/22 15:00,0.2196,3284.65
8/4/22 16:00,0.1646,3276.48
8/4/22 17:00,0.4003,3245.09
8/4/22 18:00,0.4031,3241.07
8/4/22 19:00,-0.0257,3253.9
8/4/22 20:00,0.2944,3242.74
8/4/22 21:00,,3234.26
8/4/22 22:00,,3204.91
8/4/22 23:00,0.34,3183.82
9/4/22 0:00,0.284,3202.55
9/4/22 1:00,,3210.39
9/4/22 2:00,0.2401,3204.02
9/4/22 3:00,0.9037,3201.9
9/4/22 4:00,0,3211.77
9/4/22 5:00,0,3214.66
9/4/22 6:00,0.3953,3209.07
9/4/22 7:00,0.3062,3203.57
9/4/22 8:00,0,3206.75
9/4/22 9:00,-0.2244,3206.99
9/4/22 10:00,,3205.27
9/4/22 11:00,0,3210.22
9/4/22 12:00,-0.0114,3212.81
9/4/22 13:00,,3223.89
9/4/22 14:00,0.2539,3219.48
9/4/22 15:00,0,3218.11
9/4/22 16:00,0.835,3218.34
9/4/22 17:00,0,3232.11
9/4/22 18:00,0.1582,3231.98
9/4/22 19:00,,3233.71
9/4/22 20:00,0.891,3236.2
9/4/22 21:00,0.4177,3233.48
9/4/22 22:00,0.3902,3243.72
9/4/22 23:00,0.431,3251.62
10/4/22 0:00,,3251.03
10/4/22 1:00,,3256.1
10/4/22 2:00,,3254.12
10/4/22 3:00,0.9037,3258.75
10/4/22 4:00,0.6166,3253.4
10/4/22 5:00,0,3249.22
10/4/22 6:00,,3245.88
10/4/22 7:00,,3242.49
10/4/22 8:00,0,3243.25
10/4/22 9:00,-0.1539,3237.01
10/4/22 10:00,,3239.67
10/4/22 11:00,0,3246.34
10/4/22 12:00,0.4189,3248.67
10/4/22 13:00,,3240.15
10/4/22 14:00,0.7501,3245.78
10/4/22 15:00,0.522,3252.11
10/4/22 16:00,0.1909,3261.05
10/4/22 17:00,,3292.06
10/4/22 18:00,0.455,3294.32
10/4/22 19:00,,3290.84
10/4/22 20:00,-0.296,3289.83
10/4/22 21:00,0.0926,3282.78
10/4/22 22:00,,3238.72
10/4/22 23:00,0.6486,3217.73
11/4/22 0:00,,3196.96
11/4/22 1:00,,3200.77
11/4/22 2:00,,3174.46
11/4/22 3:00,0.2419,3167.32
11/4/22 4:00,0.3999,3172.74
11/4/22 5:00,0.2023,3180.46
11/4/22 6:00,0.4633,3176.81
11/4/22 7:00,0.3294,3177.55
11/4/22 8:00,-0.1228,3163.49
11/4/22 9:00,0.1587,3130.78
11/4/22 10:00,0.0518,3072.13
11/4/22 11:00,0.3492,3058.46
11/4/22 12:00,0.2196,3051.52
11/4/22 13:00,0,3040.95
11/4/22 14:00,0.0839,3032.09
11/4/22 15:00,-0.0449,3026.22
11/4/22 16:00,0.2742,3007.52
11/4/22 17:00,0.1795,3014.07
11/4/22 18:00,-0.074,3020.23
11/4/22 19:00,0.174,3007.24
11/4/22 20:00,0.2256,2996.89
11/4/22 21:00,0.1284,2976.17
11/4/22 22:00,0.1576,2990.34
11/4/22 23:00,-0.2997,2988.11
12/4/22 0:00,0.434,2982.49
12/4/22 1:00,0.445,2974.3
12/4/22 2:00,0.0765,2964.32
12/4/22 3:00,-0.2787,2972.34
12/4/22 4:00,0.1366,2986.65
12/4/22 5:00,0.0172,3004.91
12/4/22 6:00,0,3012.18
12/4/22 7:00,-0.0312,3011.85
12/4/22 8:00,-0.125,3024.33
12/4/22 9:00,0.002,3018.61
12/4/22 10:00,0.0931,3018.46
12/4/22 11:00,0.2413,3025.29
12/4/22 12:00,0.2463,3047.68
12/4/22 13:00,0.2006,3062.31
12/4/22 14:00,0.0011,3028.85
12/4/22 15:00,-0.0393,3043.74
12/4/22 16:00,0,3036.32
12/4/22 17:00,0.2705,3037.38
12/4/22 18:00,-0.0674,3011.84
12/4/22 19:00,-0.0068,2986.43
12/4/22 20:00,0.1653,2983.59
12/4/22 21:00,-0.2698,2998.11
12/4/22 22:00,0.0783,3003.61
12/4/22 23:00,0.085,3022.38
13/4/22 0:00,0.2023,3032.29
13/4/22 1:00,0.3734,3018.27
13/4/22 2:00,0.1235,3032.53
13/4/22 3:00,0,3052.46
13/4/22 4:00,0.0894,3046.86
13/4/22 5:00,0.6176,3056.5
13/4/22 6:00,-0.0416,3054.14
13/4/22 7:00,0.3575,3050.07
13/4/22 8:00,0.2028,3052.08
13/4/22 9:00,-0.1717,3050.85
13/4/22 10:00,0.2668,3041.1
13/4/22 11:00,0.0278,3033.74
13/4/22 12:00,-0.035,3016
13/4/22 13:00,0.0676,3028.85
13/4/22 14:00,-0.1331,3076.28
13/4/22 15:00,0.0469,3093.63
13/4/22 16:00,0.0497,3093.69
13/4/22 17:00,0.2025,3076.32
13/4/22 18:00,-0.0159,3090.9
13/4/22 19:00,0.1333,3096.51
13/4/22 20:00,0.3102,3094.58
13/4/22 21:00,-0.1031,3100.59
13/4/22 22:00,0,3112.21
13/4/22 23:00,,3117.26
14/4/22 0:00,0.3818,3116.78
14/4/22 1:00,-0.2886,3125.68
14/4/22 2:00,0.437,3130.44
14/4/22 3:00,0.1585,3116.73
14/4/22 4:00,0.8713,3115.32
14/4/22 5:00,0.1514,3108.09
14/4/22 6:00,,3104.76
14/4/22 7:00,-0.4118,3109.92
14/4/22 8:00,-0.3316,3110.8
14/4/22 9:00,0.0674,3098.21
14/4/22 10:00,0.0781,3091.39
14/4/22 11:00,-0.0754,3078.82
14/4/22 12:00,-0.073,3079.09
14/4/22 13:00,0.0594,3076.37
14/4/22 14:00,0.0351,3042
14/4/22 15:00,0.0108,3031.54
14/4/22 16:00,-0.1335,3013.4
14/4/22 17:00,0.4039,3013.85
14/4/22 18:00,0,3011.15
14/4/22 19:00,0.2617,2990.3
14/4/22 20:00,0.0713,2996.78
14/4/22 21:00,0.3548,3013.88
14/4/22 22:00,-0.0754,3017.72
14/4/22 23:00,0.2909,3017
15/4/22 0:00,,3023
15/4/22 1:00,0.723,3018.89
15/4/22 2:00,0,3022.57
15/4/22 3:00,0.1522,3032.3
15/4/22 4:00,0.2023,3036.2
15/4/22 5:00,-0.2811,3034.47
15/4/22 6:00,-0.0065,3029.48
15/4/22 7:00,0,3020.89
15/4/22 8:00,-0.2627,3025.54
15/4/22 9:00,0.0842,3022.44
15/4/22 10:00,0,3028.9
15/4/22 11:00,0.0714,3027.52
15/4/22 12:00,-0.0852,3023.35
15/4/22 13:00,0.0857,3017.45
15/4/22 14:00,0,3011.16
15/4/22 15:00,0,3031.59
15/4/22 16:00,0,3018.11
15/4/22 17:00,-0.344,3028.97
15/4/22 18:00,-0.053,3028.92
15/4/22 19:00,0.215,3022.63
15/4/22 20:00,0.1204,3022.6
15/4/22 21:00,-0.296,3029.7
15/4/22 22:00,0,3028.19
15/4/22 23:00,-0.0023,3034.9
16/4/22 0:00,-0.296,3037.26
16/4/22 1:00,0.1118,3040.83
16/4/22 2:00,,3040.04
16/4/22 3:00,0,3037.44
16/4/22 4:00,0.1772,3040.91
16/4/22 5:00,0.2108,3041.06
16/4/22 6:00,0.8741,3036.56
16/4/22 7:00,0.2047,3035.57
16/4/22 8:00,-0.4158,3034.31
16/4/22 9:00,0.0357,3034.01
16/4/22 10:00,-0.1523,3036.02
16/4/22 11:00,-0.0754,3040.16
16/4/22 12:00,-0.2985,3040.36
16/4/22 13:00,0.4201,3039.07
16/4/22 14:00,0,3039.45
16/4/22 15:00,0.0612,3024.69
16/4/22 16:00,0,3021.44
16/4/22 17:00,0.4404,3020.84
16/4/22 18:00,,3019.94
16/4/22 19:00,0,3024.09
16/4/22 20:00,0.345,3025.22
16/4/22 21:00,,3037.91
16/4/22 22:00,,3067.21
16/4/22 23:00,,3064.17
17/4/22 0:00,,3057.06
17/4/22 1:00,0,3056.49
17/4/22 2:00,-0.5267,3042.84
17/4/22 3:00,-0.4019,3029.56
17/4/22 4:00,-0.0826,3034.19
17/4/22 5:00,,3036.53
17/4/22 6:00,0,3040.16
17/4/22 7:00,,3037.25
17/4/22 8:00,0.012,3039.28
17/4/22 9:00,,3042.99
17/4/22 10:00,0.1394,3041.28
17/4/22 11:00,0.067,3041.26
17/4/22 12:00,-0.2162,3046.76
17/4/22 13:00,0,3056.76
17/4/22 14:00,0,3063.81
17/4/22 15:00,,3067.99
17/4/22 16:00,,3068.98
17/4/22 17:00,-0.1624,3055.16
17/4/22 18:00,0,3030.89
17/4/22 19:00,0.8402,3034.46
17/4/22 20:00,-0.148,3049.05
17/4/22 21:00,,3044.89
17/4/22 22:00,0.2643,3058.14
17/4/22 23:00,-0.034,3005.34
18/4/22 0:00,0.1591,2987.09
18/4/22 1:00,,2988.68
18/4/22 2:00,,2990.74
18/4/22 3:00,0.3825,2992.97
18/4/22 4:00,,2933.8
18/4/22 5:00,0,2915.4
18/4/22 6:00,-0.1082,2915.6
18/4/22 7:00,0,2905.72
18/4/22 8:00,0.2899,2897.35
18/4/22 9:00,-0.0514,2899.01
18/4/22 10:00,0.3606,2911.26
18/4/22 11:00,0.1232,2912.42
18/4/22 12:00,0.1963,2930.13
18/4/22 13:00,-0.1245,2932.97
18/4/22 14:00,0.2925,2930.02
18/4/22 15:00,0.4364,2915.75
18/4/22 16:00,0.0862,2915.98
18/4/22 17:00,0.2702,2956.98
18/4/22 18:00,0.3538,3005.79
18/4/22 19:00,0,3000.29
18/4/22 20:00,0.69,3009.86
18/4/22 21:00,0,3032.2
18/4/22 22:00,0,3041.76
18/4/22 23:00,0.3822,3057.41
19/4/22 0:00,,3067.93
19/4/22 1:00,,3059.95
19/4/22 2:00,,3046.65
19/4/22 3:00,-0.017,3040.79
19/4/22 4:00,0.6488,3041.25
19/4/22 5:00,0.2521,3039.41
19/4/22 6:00,-0.3298,3043.17
19/4/22 7:00,-0.3239,3038.71
19/4/22 8:00,0.2618,3042.04
19/4/22 9:00,-0.0955,3037.28
19/4/22 10:00,0.2552,3045.09
19/4/22 11:00,0.2036,3049.2
19/4/22 12:00,-0.1012,3055.94
19/4/22 13:00,0.0457,3063.49
19/4/22 14:00,-0.1906,3112.91
19/4/22 15:00,0.1707,3114.67
19/4/22 16:00,0.1934,3110.55
19/4/22 17:00,0.1552,3091.4
19/4/22 18:00,0.1333,3094.41
19/4/22 19:00,0.0291,3108.76
19/4/22 20:00,0.2302,3091.63
19/4/22 21:00,-0.0974,3095.67
19/4/22 22:00,0.085,3100.17
19/4/22 23:00,-0.4393,3101.48
20/4/22 0:00,0.2108,3085.5
20/4/22 1:00,0.6068,3080.02
20/4/22 2:00,,3084.4
20/4/22 3:00,0.2732,3083.85
20/4/22 4:00,0.2634,3084.33
20/4/22 5:00,-0.1471,3087.46
20/4/22 6:00,0.1909,3097.22
20/4/22 7:00,0.1525,3093.96
20/4/22 8:00,,3095.32
20/4/22 9:00,0.0464,3103.91
20/4/22 10:00,0.1875,3111.21
20/4/22 11:00,0.209,3127.71
20/4/22 12:00,0.0988,3150.02
20/4/22 13:00,0.0086,3130.29
20/4/22 14:00,0.0709,3101.83
20/4/22 15:00,-0.0324,3067.81
20/4/22 16:00,-0.0504,3069.22
20/4/22 17:00,0.126,3076.84
20/4/22 18:00,0,3058.47
20/4/22 19:00,0.5521,3064.74
20/4/22 20:00,-0.3241,3069.99
20/4/22 21:00,,3080.09
20/4/22 22:00,0.085,3085.79
20/4/22 23:00,,3075.77
21/4/22 0:00,,3079.02
21/4/22 1:00,0.2108,3089.74
21/4/22 2:00,0.6166,3093.51
21/4/22 3:00,0,3088.91
21/4/22 4:00,0.624,3088.95
21/4/22 5:00,0,3081.67
21/4/22 6:00,,3073.46
21/4/22 7:00,0.215,3084.8
21/4/22 8:00,0.3266,3097.85
21/4/22 9:00,0.3128,3093.43
21/4/22 10:00,0.1167,3114.38
21/4/22 11:00,0.0288,3141.98
21/4/22 12:00,0.2196,3153.66
21/4/22 13:00,0.2173,3160.54
21/4/22 14:00,0.2555,3147.31
21/4/22 15:00,0.5035,3133.62
21/4/22 16:00,-0.2269,3094.03
21/4/22 17:00,0.4839,3072.98
21/4/22 18:00,-0.076,3062.22
21/4/22 19:00,0.3564,3046.95
21/4/22 20:00,0.69,3013.98
21/4/22 21:00,-0.0461,3005.08
21/4/22 22:00,-0.3071,2987.51
21/4/22 23:00,0,2980.65
22/4/22 0:00,,2983.27
22/4/22 1:00,0.0258,2989.46
22/4/22 2:00,,2999.47
22/4/22 3:00,0.3588,2999.23
22/4/22 4:00,0.2855,3002.83
22/4/22 5:00,,3013.11
22/4/22 6:00,0,3012.52
22/4/22 7:00,0.2712,3006.28
22/4/22 8:00,0.5334,3008.35
22/4/22 9:00,0.0386,2995.73
22/4/22 10:00,-0.3021,2994.19
22/4/22 11:00,0.0624,3008.21
22/4/22 12:00,0.1387,3005.89
22/4/22 13:00,0.2089,2995.09
22/4/22 14:00,0.2638,2976.26
22/4/22 15:00,0.1439,2965.55
22/4/22 16:00,0.2594,2952.28
22/4/22 17:00,0,2954.89
22/4/22 18:00,0.3318,2958.7
22/4/22 19:00,0.357,2968.07
22/4/22 20:00,0.2974,2961.69
22/4/22 21:00,0.502,2965.67
22/4/22 22:00,-0.4767,2952.84
22/4/22 23:00,0.4106,2960.08
23/4/22 0:00,,2960.04
23/4/22 1:00,0.4344,2959.13
23/4/22 2:00,0.3182,2956.96
23/4/22 3:00,0.2997,2949.98
23/4/22 4:00,-0.0191,2937.26
23/4/22 5:00,0.0222,2950.46
23/4/22 6:00,0,2953.56
23/4/22 7:00,0,2955
23/4/22 8:00,0.032,2959.51
23/4/22 9:00,,2957.02
23/4/22 10:00,0.0187,2955.48
23/4/22 11:00,0.411,2958.29
23/4/22 12:00,0.4366,2957.96
23/4/22 13:00,0.1676,2961.96
23/4/22 14:00,0.2066,2958.87
23/4/22 15:00,0.0949,2961.91
23/4/22 16:00,0.8007,2966.35
23/4/22 17:00,0,2956.09
23/4/22 18:00,,2953.74
23/4/22 19:00,0.0129,2948.7
23/4/22 20:00,-0.4023,2958.94
23/4/22 21:00,,2962.75
23/4/22 22:00,0.0222,2961.33
23/4/22 23:00,,2943.03
24/4/22 0:00,,2937.67
24/4/22 1:00,0,2934.67
24/4/22 2:00,0.4215,2932.91
24/4/22 3:00,0.2263,2949
24/4/22 4:00,-0.4939,2952.85
24/4/22 5:00,,2946.41
24/4/22 6:00,0.4534,2950.41
24/4/22 7:00,,2950.9
24/4/22 8:00,,2947.59
24/4/22 9:00,0.4158,2947.92
24/4/22 10:00,,2947.38
24/4/22 11:00,-0.1918,2940.69
24/4/22 12:00,-0.125,2936.29
24/4/22 13:00,0.2409,2932.8
24/4/22 14:00,0.6369,2934.89
24/4/22 15:00,0.522,2941.08
24/4/22 16:00,0.7964,2936.2
24/4/22 17:00,-0.1132,2924.23
24/4/22 18:00,0.0661,2937.78
24/4/22 19:00,0.6597,2959.5
24/4/22 20:00,0,2946.14
24/4/22 21:00,0,2939.54
24/4/22 22:00,-0.2755,2937.06
24/4/22 23:00,0.7269,2922.87
25/4/22 0:00,0,2884.06
25/4/22 1:00,,2856.9
25/4/22 2:00,0.5204,2858.15
25/4/22 3:00,0.2263,2870.78
25/4/22 4:00,0.6016,2865.66
25/4/22 5:00,0,2860.03
25/4/22 6:00,,2840.09
25/4/22 7:00,0.2763,2811.57
25/4/22 8:00,-0.3243,2810.33
25/4/22 9:00,0.2234,2815.57
25/4/22 10:00,0.2345,2824.54
25/4/22 11:00,0.2364,2836.79
25/4/22 12:00,0.1871,2859.31
25/4/22 13:00,0.0055,2861.15
25/4/22 14:00,,2867.49
25/4/22 15:00,0.0804,2874.79
25/4/22 16:00,0.3131,2904.65
25/4/22 17:00,0.0674,2928.1
25/4/22 18:00,0.201,2940.75
25/4/22 19:00,,2984.89
25/4/22 20:00,0.2516,3003.87
25/4/22 21:00,0.1879,3000.82
25/4/22 22:00,-0.1012,3008.48
25/4/22 23:00,0,3011.04
26/4/22 0:00,,3013.89
26/4/22 1:00,0,3008.09
26/4/22 2:00,0,2999.58
26/4/22 3:00,0.3163,3000.08
26/4/22 4:00,0.0129,3002.52
26/4/22 5:00,0.5104,3007.57
26/4/22 6:00,0.1012,2996.68
26/4/22 7:00,0.134,3000.91
26/4/22 8:00,0.0674,3003.03
26/4/22 9:00,,2996.06
26/4/22 10:00,0.0258,2995.72
26/4/22 11:00,0.3342,3000.49
26/4/22 12:00,0,2997.64
26/4/22 13:00,0.233,2965.09
26/4/22 14:00,0.2617,2921.68
26/4/22 15:00,0.0756,2890.84
26/4/22 16:00,0.6632,2866.54
26/4/22 17:00,0.2271,2859.69
26/4/22 18:00,0,2853.06
26/4/22 19:00,0.148,2837.3
26/4/22 20:00,0.6748,2820.83
26/4/22 21:00,0.3821,2835.82
26/4/22 22:00,0,2831.91
26/4/22 23:00,-0.2108,2800.34
27/4/22 0:00,0.0322,2811.76
27/4/22 1:00,,2824.59
27/4/22 2:00,0.3767,2833.87
27/4/22 3:00,0.3552,2835.92
27/4/22 4:00,0.2573,2840.19
27/4/22 5:00,,2846.1
27/4/22 6:00,0.6268,2854.47
27/4/22 7:00,-0.1113,2872.91
27/4/22 8:00,-0.2233,2885.01
27/4/22 9:00,0.2605,2892.57
27/4/22 10:00,0.4958,2895.07
27/4/22 11:00,0.2202,2878.2
27/4/22 12:00,0.1391,2880.86
27/4/22 13:00,0.3912,2881.6
27/4/22 14:00,0.3916,2848.59
27/4/22 15:00,0.3845,2852.58
27/4/22 16:00,-0.0357,2878.98
27/4/22 17:00,0.1057,2869.54
27/4/22 18:00,-0.1975,2862.79
27/4/22 19:00,0.2473,2846.65
27/4/22 20:00,0.2322,2866.2
27/4/22 21:00,0,2876.58
27/4/22 22:00,0.4146,2881.13
27/4/22 23:00,-0.1359,2882.11
28/4/22 0:00,0.1362,2889.28
28/4/22 1:00,0.5574,2890.8
28/4/22 2:00,0.208,2887.64
28/4/22 3:00,,2889.37
28/4/22 4:00,0.1273,2883.88
28/4/22 5:00,0.1491,2880.94
28/4/22 6:00,0.4509,2883.5
28/4/22 7:00,0.3641,2894.09
28/4/22 8:00,0.2791,2922.8
28/4/22 9:00,-0.0939,2936.27
28/4/22 10:00,0.3602,2931.19
28/4/22 11:00,0.483,2928.62
28/4/22 12:00,0.1134,2923.39
28/4/22 13:00,0.0934,2896.97
28/4/22 14:00,0.4349,2864.72
28/4/22 15:00,0.1296,2900.64
28/4/22 16:00,-0.0672,2907.38
28/4/22 17:00,0.1848,2945.67
28/4/22 18:00,0.0013,2968.01
28/4/22 19:00,-0.4215,2960.68
28/4/22 20:00,0.3615,2945.39
28/4/22 21:00,0.0435,2938.59
28/4/22 22:00,0.3631,2924.26
28/4/22 23:00,-0.1531,2931.51
29/4/22 0:00,0.1858,2936.26
29/4/22 1:00,-0.0936,2937.18
29/4/22 2:00,,2921.92
29/4/22 3:00,0.2814,2916.67
29/4/22 4:00,0.2967,2918.57
29/4/22 5:00,0.0545,2925.95
29/4/22 6:00,0.5106,2920.21
29/4/22 7:00,0.1755,2922.22
29/4/22 8:00,0,2916.28
29/4/22 9:00,0.304,2887.39
29/4/22 10:00,-0.0125,2876.67
29/4/22 11:00,0.1466,2852.1
29/4/22 12:00,0.3773,2857.17
29/4/22 13:00,0.0677,2864.7
29/4/22 14:00,0.1269,2857.64
29/4/22 15:00,0.4666,2853.93
29/4/22 16:00,0.2574,2838.59
29/4/22 17:00,0.2747,2825.48
29/4/22 18:00,0,2814.43
29/4/22 19:00,0.098,2794.67
29/4/22 20:00,0.4019,2802.62
29/4/22 21:00,0.6249,2808.3
29/4/22 22:00,0.0546,2809.91
29/4/22 23:00,0,2814.83
30/4/22 0:00,0,2819.78
30/4/22 1:00,0.5618,2826.54
30/4/22 2:00,0,2828.05
30/4/22 3:00,0,2815.48
30/4/22 4:00,-0.128,2816.5
30/4/22 5:00,0,2827.43
30/4/22 6:00,,2829.25
30/4/22 7:00,0.3834,2826.03
30/4/22 8:00,0.2814,2825.08
30/4/22 9:00,0.0772,2823.82
30/4/22 10:00,0.3184,2830.63
30/4/22 11:00,0.3138,2830.67
30/4/22 12:00,0.0125,2827.57
30/4/22 13:00,0.3877,2822.65
30/4/22 14:00,0.4086,2802.49
30/4/22 15:00,0,2802.71
30/4/22 16:00,0,2812.21
30/4/22 17:00,0,2791.22
30/4/22 18:00,0.4084,2785.16
30/4/22 19:00,0.34,2793.1
30/4/22 20:00,0.6533,2794.7
30/4/22 21:00,-0.1115,2790.81
30/4/22 22:00,0.0371,2786.63
30/4/22 23:00,-0.0291,2732.65
1/5/22 0:00,-0.1304,2731.73
1/5/22 1:00,-0.1165,2745.9
1/5/22 2:00,-0.0987,2765.53
1/5/22 3:00,0.0865,2767.2
1/5/22 4:00,-0.049,2769.65
1/5/22 5:00,0.3023,2782.54
1/5/22 6:00,-0.1306,2780.67
1/5/22 7:00,0.5338,2770.92
1/5/22 8:00,0,2773.86
1/5/22 9:00,-0.2336,2767.7
1/5/22 10:00,0.3137,2767.53
1/5/22 11:00,0,2759.93
1/5/22 12:00,0.4023,2758.98
1/5/22 13:00,-0.2564,2762.02
1/5/22 14:00,0.1828,2760.24
1/5/22 15:00,-0.0829,2782.89
1/5/22 16:00,-0.0223,2815.43
1/5/22 17:00,-0.3859,2810
1/5/22 18:00,0.1025,2791.5
1/5/22 19:00,-0.074,2764.11
1/5/22 20:00,-0.0327,2772.15
1/5/22 21:00,-0.087,2803.81
1/5/22 22:00,0.0615,2807.47
1/5/22 23:00,-0.1366,2824.81
2/5/22 0:00,0.1504,2837.31
2/5/22 1:00,-0.217,2839.88
2/5/22 2:00,0.0877,2834.52
2/5/22 3:00,0.9259,2839.23
2/5/22 4:00,0,2839.41
2/5/22 5:00,0.366,2854.95
2/5/22 6:00,-0.0665,2861.65
2/5/22 7:00,-0.049,2855.48
2/5/22 8:00,0.1341,2841.66
2/5/22 9:00,0.1262,2834.15
2/5/22 10:00,0.0573,2810.52
2/5/22 11:00,0.0014,2799.97
2/5/22 12:00,-0.0568,2799.4
2/5/22 13:00,0.0295,2813.46
2/5/22 14:00,0.2193,2825.95
2/5/22 15:00,-0.0821,2821.76
2/5/22 16:00,0.1246,2822.76
2/5/22 17:00,0,2798.4
2/5/22 18:00,-0.0742,2793.8
2/5/22 19:00,0.026,2826.63
2/5/22 20:00,0.3093,2837.24
2/5/22 21:00,0.1491,2849.59
2/5/22 22:00,-0.148,2865.7
2/5/22 23:00,,2863.47
3/5/22 0:00,,2848.2
3/5/22 1:00,-0.3243,2836.9
3/5/22 2:00,-0.1529,2841.05
3/5/22 3:00,-0.4939,2846.77
3/5/22 4:00,-0.1598,2847.81
3/5/22 5:00,0.2096,2838.68
3/5/22 6:00,0.3888,2841.55
3/5/22 7:00,0.4388,2839.67
3/5/22 8:00,,2846.33
3/5/22 9:00,0.1094,2840.66
3/5/22 10:00,0.0086,2829.28
3/5/22 11:00,0.069,2835.49
3/5/22 12:00,0.0344,2841.08
3/5/22 13:00,0.1505,2831.38
3/5/22 14:00,-0.6803,2828.19
3/5/22 15:00,-0.0187,2825.4
3/5/22 16:00,-0.2108,2806.86
3/5/22 17:00,0.1347,2812.93
3/5/22 18:00,0.1597,2784.42
3/5/22 19:00,0.4568,2773.29
3/5/22 20:00,0,2764.69
3/5/22 21:00,0,2784.18
3/5/22 22:00,0.0318,2789.48
3/5/22 23:00,0.1327,2780.85
4/5/22 0:00,-0.3904,2785.63
4/5/22 1:00,0.2609,2790.03
4/5/22 2:00,-0.2185,2794.64
4/5/22 3:00,0,2797.81
4/5/22 4:00,0.4962,2797.1
4/5/22 5:00,-0.2108,2793.21
4/5/22 6:00,0.1132,2807.39
4/5/22 7:00,0.2634,2816.86
4/5/22 8:00,0.137,2836.97
4/5/22 9:00,0.3888,2834.75
4/5/22 10:00,0.2556,2851.56
4/5/22 11:00,0,2869.71
4/5/22 12:00,0.1645,2861.39
4/5/22 13:00,0,2858.21
4/5/22 14:00,0.1499,2840.43
4/5/22 15:00,-0.0147,2837.32
4/5/22 16:00,0.3912,2851.59
4/5/22 17:00,0.2077,2844.51
4/5/22 18:00,0.9628,2863.43
4/5/22 19:00,0.2691,2951.22
4/5/22 20:00,0.1929,2948.74
4/5/22 21:00,0.1504,2943.52
4/5/22 22:00,-0.6461,2930.53
4/5/22 23:00,,2934.27
5/5/22 0:00,0.25,2945.15
5/5/22 1:00,0,2943.49
5/5/22 2:00,,2946.13
5/5/22 3:00,0.3057,2941.81
5/5/22 4:00,0.1247,2942.05
5/5/22 5:00,0.2108,2938.45
5/5/22 6:00,-0.2841,2932.8
5/5/22 7:00,0.7096,2932.13
5/5/22 8:00,0.3703,2928.6
5/5/22 9:00,0.6003,2923.94
5/5/22 10:00,0.3499,2928.86
5/5/22 11:00,0.3642,2928
5/5/22 12:00,-0.032,2929.76
5/5/22 13:00,0.3294,2917.01
5/5/22 14:00,0.0763,2861.92
5/5/22 15:00,0.2498,2767.88
5/5/22 16:00,0.6243,2748.38
5/5/22 17:00,0.0885,2753.01
5/5/22 18:00,0.123,2730.51
5/5/22 19:00,0.4493,2713.12
5/5/22 20:00,-0.2329,2735.04
5/5/22 21:00,0,2746
5/5/22 22:00,0.1012,2739.32
5/5/22 23:00,0.1101,2744.57
6/5/22 0:00,,2736.69
6/5/22 1:00,0.3083,2732.89
6/5/22 2:00,,2746.95
6/5/22 3:00,0.5423,2742.42
6/5/22 4:00,0.4567,2738.68
6/5/22 5:00,-0.0722,2747.13
6/5/22 6:00,0.3275,2746.55
6/5/22 7:00,0.2956,2730.54
6/5/22 8:00,0.0584,2725.36
6/5/22 9:00,0.34,2726.87
6/5/22 10:00,0.4773,2714.11
6/5/22 11:00,0.1825,2676.05
6/5/22 12:00,0.0923,2688.53
6/5/22 13:00,0.1707,2669.81
6/5/22 14:00,0.2672,2677.74
6/5/22 15:00,-0.1351,2702.02
6/5/22 16:00,-0.1618,2700.37
6/5/22 17:00,0.358,2693.64
6/5/22 18:00,0.2461,2681.88
6/5/22 19:00,0,2685.62
6/5/22 20:00,-0.1273,2684.76
6/5/22 21:00,-0.2083,2694.3
6/5/22 22:00,0,2691.68
6/5/22 23:00,0.3182,2698.59
7/5/22 0:00,0,2688.97
7/5/22 1:00,0,2685.46
7/5/22 2:00,0,2682.86
7/5/22 3:00,,2674.99
7/5/22 4:00,-0.0086,2663.61
7/5/22 5:00,0.4186,2666.96
7/5/22 6:00,0.5267,2665.94
7/5/22 7:00,0,2666.42
7/5/22 8:00,0.2547,2677.31
7/5/22 9:00,,2685.04
7/5/22 10:00,,2686.19
7/5/22 11:00,0.7497,2690.06
7/5/22 12:00,0.105,2685.48
7/5/22 13:00,0.3423,2678.2
7/5/22 14:00,0.6115,2677.81
7/5/22 15:00,0.0641,2690.09
7/5/22 16:00,-0.0131,2689.49
7/5/22 17:00,,2684.44
7/5/22 18:00,0.2224,2689.96
7/5/22 19:00,0.2202,2685.94
7/5/22 20:00,0.3083,2675.58
7/5/22 21:00,,2655.48
7/5/22 22:00,0,2621.13
7/5/22 23:00,0.185,2631.97
8/5/22 0:00,0.2326,2628.59
8/5/22 1:00,0,2613.94
8/5/22 2:00,0.6956,2562.47
8/5/22 3:00,0.201,2537.9
8/5/22 4:00,-0.3182,2549.33
8/5/22 5:00,0.1751,2538.35
8/5/22 6:00,0.4232,2550.58
8/5/22 7:00,0.6343,2559.12
8/5/22 8:00,0.1834,2559.19
8/5/22 9:00,-0.8103,2555.12
8/5/22 10:00,0.2679,2559.26
8/5/22 11:00,0,2568.64
8/5/22 12:00,0,2564.24
8/5/22 13:00,0.316,2547.31
8/5/22 14:00,0.201,2525.39
8/5/22 15:00,0.2908,2532.74
8/5/22 16:00,0.3298,2526.73
8/5/22 17:00,0.4019,2514.83
8/5/22 18:00,0.4363,2544.07
8/5/22 19:00,0.1132,2562.16
8/5/22 20:00,,2551.17
8/5/22 21:00,0.4986,2548.84
8/5/22 22:00,0.4175,2535.26
8/5/22 23:00,0.5849,2524.63
9/5/22 0:00,-0.4588,2522.06
9/5/22 1:00,0.2193,2518.49
9/5/22 2:00,-0.0512,2464.79
9/5/22 3:00,0.1511,2459.67
9/5/22 4:00,0.201,2467.14
9/5/22 5:00,0.4268,2451.78
9/5/22 6:00,0.1808,2442.74
9/5/22 7:00,-0.3891,2453.86
9/5/22 8:00,0.1485,2442.67
9/5/22 9:00,0.2194,2451.65
9/5/22 10:00,0.1423,2414.78
9/5/22 11:00,0.0445,2384.85
9/5/22 12:00,0.1584,2403.43
9/5/22 13:00,0.1003,2403.55
9/5/22 14:00,0.1859,2394.56
9/5/22 15:00,0.1654,2381.78
9/5/22 16:00,0.1427,2368.81
9/5/22 17:00,0.1133,2317.79
9/5/22 18:00,0.4872,2285.29
9/5/22 19:00,0.059,2264.3
9/5/22 20:00,0.0182,2298.89
9/5/22 21:00,-0.247,2304.24
9/5/22 22:00,0.4718,2295.59
9/5/22 23:00,0.3653,2271.22
10/5/22 0:00,0.4004,2238.27
10/5/22 1:00,0,2313.37
10/5/22 2:00,0.1752,2324.19
10/5/22 3:00,,2314.37
10/5/22 4:00,0.4019,2323.58
10/5/22 5:00,0,2377.04
10/5/22 6:00,0.134,2415.01
10/5/22 7:00,0.0727,2392.29
10/5/22 8:00,-0.0467,2387.31
10/5/22 9:00,0.2021,2381.35
10/5/22 10:00,0.3184,2377.42
10/5/22 11:00,0.0505,2389.73
10/5/22 12:00,-0.4764,2415.03
10/5/22 13:00,0.1964,2429.09
10/5/22 14:00,0.1465,2395.21
10/5/22 15:00,0,2349.73
10/5/22 16:00,0.339,2351.2
10/5/22 17:00,-0.1254,2379.44
10/5/22 18:00,0,2381.45
10/5/22 19:00,0.441,2358.44
10/5/22 20:00,-0.0294,2341.44
10/5/22 21:00,0.1542,2298.1
10/5/22 22:00,,2298.42
10/5/22 23:00,0.2023,2343.31
11/5/22 0:00,-0.1591,2359.23
11/5/22 1:00,-0.089,2345.39
11/5/22 2:00,-0.5106,2358.01
11/5/22 3:00,0.1027,2368.36
11/5/22 4:00,0,2359.21
11/5/22 5:00,0.1876,2379.85
11/5/22 6:00,0.247,2354.46
11/5/22 7:00,0.2259,2294.24
11/5/22 8:00,-0.2108,2337.89
11/5/22 9:00,-0.0936,2396.48
11/5/22 10:00,0.1495,2432.67
11/5/22 11:00,-0.062,2421.19
11/5/22 12:00,0,2332.22
11/5/22 13:00,0.4362,2245.44
11/5/22 14:00,0.1105,2344.47
11/5/22 15:00,-0.2411,2301.5
11/5/22 16:00,-0.0084,2237.83
11/5/22 17:00,0.1421,2188.81
11/5/22 18:00,-0.0477,2188.61
11/5/22 19:00,-0.1273,2146.05
11/5/22 20:00,0.0754,2103.35
11/5/22 21:00,0.2484,2061.68
11/5/22 22:00,0.4389,2079.81
11/5/22 23:00,,2077.01
12/5/22 0:00,0.1291,2132.41
12/5/22 1:00,-0.022,2133.52
12/5/22 2:00,-0.0368,2081.28
12/5/22 3:00,0.0258,2018.42
12/5/22 4:00,-0.1315,1924.02
12/5/22 5:00,0.149,1847.72
12/5/22 6:00,-0.1508,1859.6
12/5/22 7:00,-0.1349,1875.51
12/5/22 8:00,-0.266,1900.6
12/5/22 9:00,-0.0005,1921.85
12/5/22 10:00,-0.0863,1942.3
12/5/22 11:00,-0.128,1972.99
12/5/22 12:00,0.1581,1947.67
12/5/22 13:00,-0.2028,1933.37
12/5/22 14:00,0.3334,1954.45
12/5/22 15:00,0.382,2004.93
12/5/22 16:00,0.1446,2005.59
12/5/22 17:00,0.12,1979.26
12/5/22 18:00,0.1261,1925.95
12/5/22 19:00,0.134,1933.88
12/5/22 20:00,0.1646,1939.84
12/5/22 21:00,-0.1061,1904.08
12/5/22 22:00,0,1914.42
12/5/22 23:00,0.2196,1957.5
13/5/22 0:00,-0.2083,1973.18
13/5/22 1:00,-0.24,2015.82
13/5/22 2:00,0,2045.02
13/5/22 3:00,0,2090.71
13/5/22 4:00,0,2082.29
13/5/22 5:00,-0.2159,2114.01
13/5/22 6:00,0.148,2104.85
13/5/22 7:00,0.1148,2076.2
13/5/22 8:00,-0.0985,2062.81
13/5/22 9:00,0.379,2079.71
13/5/22 10:00,0.2531,2073.69
13/5/22 11:00,0.2704,2093.69
13/5/22 12:00,-0.093,2112.36
13/5/22 13:00,0.1277,2106.37
13/5/22 14:00,0.0686,2131.43
13/5/22 15:00,0,2102.99
13/5/22 16:00,-0.31,2078.84
13/5/22 17:00,-0.0911,2071.7
13/5/22 18:00,-0.0206,2056.67
13/5/22 19:00,0.1728,2067.35
13/5/22 20:00,0.078,2059.2
13/5/22 21:00,0.2942,2057.27
13/5/22 22:00,0.6124,2069.32
13/5/22 23:00,,2027.9
14/5/22 0:00,-0.2942,2030.94
14/5/22 1:00,-0.148,2052.08
14/5/22 2:00,0.3284,2055.35
14/5/22 3:00,0.1529,2048.4
14/5/22 4:00,,2036.72
14/5/22 5:00,0.8585,2031.64
14/5/22 6:00,0.409,2038.81
14/5/22 7:00,-0.0293,2038.94
14/5/22 8:00,,2036.24
14/5/22 9:00,0,2034.25
14/5/22 10:00,-0.0073,2022.47
14/5/22 11:00,0.134,1986.3
14/5/22 12:00,0.499,1985.46
14/5/22 13:00,0.3886,1969.55
14/5/22 14:00,0.1686,1961.64
14/5/22 15:00,-0.0435,1971.69
14/5/22 16:00,0.247,1988.36
14/5/22 17:00,0.257,2009.03
14/5/22 18:00,0.4019,2021.28
14/5/22 19:00,0.5267,2002.22
14/5/22 20:00,0.2006,2005.32
14/5/22 21:00,,2012.78
14/5/22 22:00,,2032.79
14/5/22 23:00,0.4012,2054.21
15/5/22 0:00,0.3612,2057.77
15/5/22 1:00,,2040.38
15/5/22 2:00,0.8636,2032.06
15/5/22 3:00,,2015.55
15/5/22 4:00,,2014.69
15/5/22 5:00,,2020.34
15/5/22 6:00,0,2030.56
15/5/22 7:00,,2040.25
15/5/22 8:00,0,2028.86
15/5/22 9:00,0.0669,2028.77
15/5/22 10:00,0.3948,2034.32
15/5/22 11:00,0,2064.98
15/5/22 12:00,0.8672,2084.8
15/5/22 13:00,0.1695,2073.09
15/5/22 14:00,0.2752,2063.78
15/5/22 15:00,0,2062.55
15/5/22 16:00,-0.1314,2071.32
15/5/22 17:00,-0.3716,2079.25
15/5/22 18:00,0.4844,2079.61
15/5/22 19:00,-0.0771,2087.51
15/5/22 20:00,0,2119.08
15/5/22 21:00,0.2023,2126.14
15/5/22 22:00,0.2038,2143.17
15/5/22 23:00,,2136.3
16/5/22 0:00,0,2124.94
16/5/22 1:00,-0.2288,2103.15
16/5/22 2:00,0,2083.76
16/5/22 3:00,0,2074.21
16/5/22 4:00,0.4767,2073.94
16/5/22 5:00,0.2083,2074.57
16/5/22 6:00,0.0483,2025.37
16/5/22 7:00,0.2263,2007.83
16/5/22 8:00,0,2021.79
16/5/22 9:00,0.3852,2011.3
16/5/22 10:00,0.314,2029.09
16/5/22 11:00,0.233,2038.87
16/5/22 12:00,0,2028.49
16/5/22 13:00,0.2041,2018.22
16/5/22 14:00,0.0268,2010.08
16/5/22 15:00,-0.0574,2009.03
16/5/22 16:00,0.0592,1997.75
16/5/22 17:00,-0.0147,2010.79
16/5/22 18:00,0.1633,2031.93
16/5/22 19:00,0.3017,2023.97
16/5/22 20:00,0.4074,2018.8
16/5/22 21:00,0.1743,2041.15
16/5/22 22:00,0.2498,2040.31
16/5/22 23:00,,2027.13
17/5/22 0:00,0.1135,2036.68
17/5/22 1:00,0.0603,2033.88
17/5/22 2:00,0,2038.57
17/5/22 3:00,-0.0055,2062.32
17/5/22 4:00,0,2071.45
17/5/22 5:00,0.0071,2072.86
17/5/22 6:00,0.1591,2077.7
17/5/22 7:00,-0.0555,2075.28
17/5/22 8:00,0.1671,2084.57
17/5/22 9:00,0.3476,2090.01
17/5/22 10:00,0.654,2084.65
17/5/22 11:00,0.0076,2083.09
17/5/22 12:00,0.0696,2092.17
17/5/22 13:00,0.1562,2099.58
17/5/22 14:00,0.1456,2074.82
17/5/22 15:00,0.2576,2056.22
17/5/22 16:00,0.3943,2052.36
17/5/22 17:00,0.0636,2062.05
17/5/22 18:00,0.0352,2028.86
17/5/22 19:00,0.2664,2048.59
17/5/22 20:00,0.2042,2053.4
17/5/22 21:00,-0.2073,2066.92
17/5/22 22:00,0.1286,2081.76
17/5/22 23:00,-0.307,2093.93
18/5/22 0:00,0.0938,2097.39
18/5/22 1:00,0.25,2077.78
18/5/22 2:00,0.5106,2066.65
18/5/22 3:00,0,2049.06
18/5/22 4:00,0.0472,2038.72
18/5/22 5:00,0,2041.23
18/5/22 6:00,0.148,2040.18
18/5/22 7:00,0.1563,2027.95
18/5/22 8:00,0.3537,2030.28
18/5/22 9:00,-0.143,2030.54
18/5/22 10:00,0.0529,2039.97
18/5/22 11:00,0.1099,2041.19